dump_line	read_len	hap_len	gatk_log10	ours_log10	abs_diff	rel_diff	same_digits	status
2	31	41	-1.674496e+00	-1.6744957214e+00	2.79e-07	1.66e-07	yes	OK
3	31	41	-5.151172e+00	-5.1511718741e+00	1.26e-07	2.44e-08	yes	OK
4	41	41	-1.679865e+00	-1.6798653300e+00	3.30e-07	1.96e-07	yes	OK
5	41	41	-5.156541e+00	-5.1565414828e+00	4.83e-07	9.36e-08	yes	OK
6	41	41	-1.679865e+00	-1.6798653300e+00	3.30e-07	1.96e-07	yes	OK
7	41	41	-5.156541e+00	-5.1565414828e+00	4.83e-07	9.36e-08	yes	OK
8	27	41	-1.672415e+00	-1.6724145453e+00	4.55e-07	2.72e-07	yes	OK
9	27	41	-5.149091e+00	-5.1490905082e+00	4.92e-07	9.55e-08	yes	OK
10	41	41	-5.156520e+00	-5.1565202713e+00	2.71e-07	5.26e-08	yes	OK
11	41	41	-8.633196e+00	-8.6331964240e+00	4.24e-07	4.91e-08	yes	OK
12	41	41	-1.679865e+00	-1.6798653300e+00	3.30e-07	1.96e-07	yes	OK
13	41	41	-5.156541e+00	-5.1565414828e+00	4.83e-07	9.36e-08	yes	OK
14	41	41	-1.679865e+00	-1.6798653300e+00	3.30e-07	1.96e-07	yes	OK
15	41	41	-5.156541e+00	-5.1565414828e+00	4.83e-07	9.36e-08	yes	OK
16	41	41	-1.679865e+00	-1.6798653300e+00	3.30e-07	1.96e-07	yes	OK
17	41	41	-5.156541e+00	-5.1565414828e+00	4.83e-07	9.36e-08	yes	OK
18	41	41	-1.679865e+00	-1.6798653300e+00	3.30e-07	1.96e-07	yes	OK
19	41	41	-5.156541e+00	-5.1565414828e+00	4.83e-07	9.36e-08	yes	OK
20	41	41	-1.679865e+00	-1.6798653300e+00	3.30e-07	1.96e-07	yes	OK
21	41	41	-5.156541e+00	-5.1565414828e+00	4.83e-07	9.36e-08	yes	OK
22	41	41	-1.679865e+00	-1.6798653300e+00	3.30e-07	1.96e-07	yes	OK
23	41	41	-5.156541e+00	-5.1565414828e+00	4.83e-07	9.36e-08	yes	OK
24	23	41	-1.670368e+00	-1.6703681015e+00	1.01e-07	6.07e-08	yes	OK
25	23	41	-5.145525e+00	-5.1455245831e+00	4.17e-07	8.10e-08	yes	OK
26	41	41	-1.679865e+00	-1.6798653300e+00	3.30e-07	1.96e-07	yes	OK
27	41	41	-5.156541e+00	-5.1565414828e+00	4.83e-07	9.36e-08	yes	OK
28	41	41	-1.679865e+00	-1.6798653300e+00	3.30e-07	1.96e-07	yes	OK
29	41	41	-5.156541e+00	-5.1565414828e+00	4.83e-07	9.36e-08	yes	OK
30	41	41	-1.679865e+00	-1.6798653300e+00	3.30e-07	1.96e-07	yes	OK
31	41	41	-5.156541e+00	-5.1565414828e+00	4.83e-07	9.36e-08	yes	OK
32	41	41	-1.679865e+00	-1.6798653300e+00	3.30e-07	1.96e-07	yes	OK
33	41	41	-5.156541e+00	-5.1565414828e+00	4.83e-07	9.36e-08	yes	OK
34	41	41	-1.679865e+00	-1.6798653300e+00	3.30e-07	1.96e-07	yes	OK
35	41	41	-5.156541e+00	-5.1565414828e+00	4.83e-07	9.36e-08	yes	OK
36	41	41	-1.679865e+00	-1.6798653300e+00	3.30e-07	1.96e-07	yes	OK
37	41	41	-5.156541e+00	-5.1565414828e+00	4.83e-07	9.36e-08	yes	OK
38	30	41	-1.673979e+00	-1.6739786362e+00	3.64e-07	2.17e-07	yes	OK
39	30	41	-5.150655e+00	-5.1506547757e+00	2.24e-07	4.35e-08	yes	OK
40	41	41	-1.679865e+00	-1.6798653300e+00	3.30e-07	1.96e-07	yes	OK
41	41	41	-5.156541e+00	-5.1565414828e+00	4.83e-07	9.36e-08	yes	OK
42	12	41	-1.664625e+00	-1.6646251549e+00	1.55e-07	9.30e-08	yes	OK
43	12	41	-1.664625e+00	-1.6646251549e+00	1.55e-07	9.30e-08	yes	OK
44	41	41	-1.679865e+00	-1.6798653300e+00	3.30e-07	1.96e-07	yes	OK
45	41	41	-5.156541e+00	-5.1565414828e+00	4.83e-07	9.36e-08	yes	OK
46	18	41	-1.667761e+00	-1.6677612498e+00	2.50e-07	1.50e-07	yes	OK
47	18	41	-1.667761e+00	-1.6677612498e+00	2.50e-07	1.50e-07	yes	OK
48	41	41	-1.679865e+00	-1.6798653300e+00	3.30e-07	1.96e-07	yes	OK
49	41	41	-5.156541e+00	-5.1565414828e+00	4.83e-07	9.36e-08	yes	OK
50	41	41	-1.679865e+00	-1.6798653300e+00	3.30e-07	1.96e-07	yes	OK
51	41	41	-5.156541e+00	-5.1565414828e+00	4.83e-07	9.36e-08	yes	OK
52	41	41	-5.156501e+00	-5.1565005939e+00	4.06e-07	7.88e-08	yes	OK
53	41	41	-8.633177e+00	-8.6331767466e+00	2.53e-07	2.94e-08	yes	OK
54	41	41	-1.679865e+00	-1.6798653300e+00	3.30e-07	1.96e-07	yes	OK
55	41	41	-5.156541e+00	-5.1565414828e+00	4.83e-07	9.36e-08	yes	OK
56	41	41	-1.679865e+00	-1.6798653300e+00	3.30e-07	1.96e-07	yes	OK
57	41	41	-5.156541e+00	-5.1565414828e+00	4.83e-07	9.36e-08	yes	OK
58	41	41	-1.679865e+00	-1.6798653300e+00	3.30e-07	1.96e-07	yes	OK
59	41	41	-5.156541e+00	-5.1565414828e+00	4.83e-07	9.36e-08	yes	OK
60	41	41	-1.679865e+00	-1.6798653300e+00	3.30e-07	1.96e-07	yes	OK
61	41	41	-5.156541e+00	-5.1565414828e+00	4.83e-07	9.36e-08	yes	OK
62	38	41	-1.678293e+00	-1.6782929520e+00	4.80e-08	2.86e-08	yes	OK
63	38	41	-5.154969e+00	-5.1549691048e+00	1.05e-07	2.03e-08	yes	OK
64	38	41	-1.678293e+00	-1.6782929520e+00	4.80e-08	2.86e-08	yes	OK
65	38	41	-5.154969e+00	-5.1549691048e+00	1.05e-07	2.03e-08	yes	OK
66	35	41	-1.676736e+00	-1.6767362411e+00	2.41e-07	1.44e-07	yes	OK
67	35	41	-5.153412e+00	-5.1534123938e+00	3.94e-07	7.64e-08	yes	OK
68	33	41	-1.675655e+00	-1.6756550858e+00	8.58e-08	5.12e-08	yes	OK
69	33	41	-5.152331e+00	-5.1523312385e+00	2.38e-07	4.63e-08	yes	OK
70	33	41	-1.675655e+00	-1.6756550858e+00	8.58e-08	5.12e-08	yes	OK
71	33	41	-5.152331e+00	-5.1523312385e+00	2.38e-07	4.63e-08	yes	OK
72	31	41	-1.674651e+00	-1.6746514967e+00	4.97e-07	2.97e-07	yes	OK
73	31	41	-5.151328e+00	-5.1513276493e+00	3.51e-07	6.81e-08	yes	OK
74	29	41	-1.673609e+00	-1.6736086539e+00	3.46e-07	2.07e-07	yes	OK
75	29	41	-5.150285e+00	-5.1502848061e+00	1.94e-07	3.76e-08	yes	OK
76	23	41	-1.670441e+00	-1.6704409675e+00	3.25e-08	1.95e-08	yes	OK
77	23	41	-5.147072e+00	-5.1470724392e+00	4.39e-07	8.53e-08	yes	OK
78	22	41	-1.669920e+00	-1.6699199997e+00	3.26e-10	1.95e-10	yes	OK
79	22	41	-5.146473e+00	-5.1464725126e+00	4.87e-07	9.47e-08	yes	OK
80	15	41	-1.666270e+00	-1.6662702749e+00	2.75e-07	1.65e-07	yes	OK
81	15	41	-1.666270e+00	-1.6662702749e+00	2.75e-07	1.65e-07	yes	OK
82	11	41	-1.663976e+00	-1.6639761686e+00	1.69e-07	1.01e-07	yes	OK
83	11	41	-1.663976e+00	-1.6639761686e+00	1.69e-07	1.01e-07	yes	OK
84	41	41	-1.679663e+00	-1.6796629019e+00	9.81e-08	5.84e-08	yes	OK
85	41	41	-5.156349e+00	-5.1563489841e+00	1.59e-08	3.08e-09	yes	OK
86	35	41	-1.676612e+00	-1.6766115896e+00	4.10e-07	2.45e-07	yes	OK
87	35	41	-5.153298e+00	-5.1532976719e+00	3.28e-07	6.37e-08	yes	OK
88	15	41	-1.666189e+00	-1.6661891902e+00	1.90e-07	1.14e-07	yes	OK
89	15	41	-1.666189e+00	-1.6661891902e+00	1.90e-07	1.14e-07	yes	OK
90	41	41	-1.679663e+00	-1.6796629019e+00	9.81e-08	5.84e-08	yes	OK
91	41	41	-5.156349e+00	-5.1563489841e+00	1.59e-08	3.08e-09	yes	OK
92	41	41	-1.679663e+00	-1.6796629019e+00	9.81e-08	5.84e-08	yes	OK
93	41	41	-5.156349e+00	-5.1563489841e+00	1.59e-08	3.08e-09	yes	OK
94	41	41	-1.679663e+00	-1.6796629019e+00	9.81e-08	5.84e-08	yes	OK
95	41	41	-5.156349e+00	-5.1563489841e+00	1.59e-08	3.08e-09	yes	OK
96	41	41	-1.679663e+00	-1.6796629019e+00	9.81e-08	5.84e-08	yes	OK
97	41	41	-5.156349e+00	-5.1563489841e+00	1.59e-08	3.08e-09	yes	OK
98	41	41	-1.679663e+00	-1.6796629019e+00	9.81e-08	5.84e-08	yes	OK
99	41	41	-5.156349e+00	-5.1563489841e+00	1.59e-08	3.08e-09	yes	OK
100	41	41	-1.679663e+00	-1.6796629019e+00	9.81e-08	5.84e-08	yes	OK
101	41	41	-5.156349e+00	-5.1563489841e+00	1.59e-08	3.08e-09	yes	OK
102	41	41	-1.679663e+00	-1.6796629019e+00	9.81e-08	5.84e-08	yes	OK
103	41	41	-5.156349e+00	-5.1563489841e+00	1.59e-08	3.08e-09	yes	OK
104	41	41	-5.156349e+00	-5.1563489841e+00	1.59e-08	3.08e-09	yes	OK
105	41	41	-1.679663e+00	-1.6796629016e+00	9.84e-08	5.86e-08	yes	OK
106	41	41	-5.156349e+00	-5.1563489841e+00	1.59e-08	3.08e-09	yes	OK
107	41	41	-1.679663e+00	-1.6796629016e+00	9.84e-08	5.86e-08	yes	OK
108	41	41	-5.156349e+00	-5.1563489841e+00	1.59e-08	3.08e-09	yes	OK
109	41	41	-1.679663e+00	-1.6796629016e+00	9.84e-08	5.86e-08	yes	OK
110	41	41	-5.156349e+00	-5.1563489841e+00	1.59e-08	3.08e-09	yes	OK
111	41	41	-1.679663e+00	-1.6796629016e+00	9.84e-08	5.86e-08	yes	OK
112	41	41	-5.156349e+00	-5.1563489841e+00	1.59e-08	3.08e-09	yes	OK
113	41	41	-1.679663e+00	-1.6796629016e+00	9.84e-08	5.86e-08	yes	OK
114	29	41	-5.150170e+00	-5.1501698905e+00	1.09e-07	2.13e-08	yes	OK
115	29	41	-1.673484e+00	-1.6734838095e+00	1.90e-07	1.14e-07	yes	OK
116	24	41	-5.147239e+00	-5.1472393171e+00	3.17e-07	6.16e-08	yes	OK
117	24	41	-1.670831e+00	-1.6708307846e+00	2.15e-07	1.29e-07	yes	OK
118	22	41	-5.098376e+00	-5.0983763749e+00	3.75e-07	7.35e-08	yes	OK
119	22	41	-1.669822e+00	-1.6698224778e+00	4.78e-07	2.86e-07	yes	OK
120	29	41	-5.150170e+00	-5.1501698905e+00	1.09e-07	2.13e-08	yes	OK
121	29	41	-1.673484e+00	-1.6734838095e+00	1.90e-07	1.14e-07	yes	OK
122	41	41	-5.156349e+00	-5.1563489841e+00	1.59e-08	3.08e-09	yes	OK
123	41	41	-1.679663e+00	-1.6796629016e+00	9.84e-08	5.86e-08	yes	OK
124	41	41	-5.156349e+00	-5.1563489841e+00	1.59e-08	3.08e-09	yes	OK
125	41	41	-1.679663e+00	-1.6796629016e+00	9.84e-08	5.86e-08	yes	OK
126	41	41	-1.679663e+00	-1.6796629019e+00	9.81e-08	5.84e-08	yes	OK
127	41	41	-5.156349e+00	-5.1563489841e+00	1.59e-08	3.08e-09	yes	OK
128	41	41	-1.679663e+00	-1.6796629019e+00	9.81e-08	5.84e-08	yes	OK
129	41	41	-5.156349e+00	-5.1563489841e+00	1.59e-08	3.08e-09	yes	OK
130	41	41	-1.679663e+00	-1.6796629019e+00	9.81e-08	5.84e-08	yes	OK
131	41	41	-5.156349e+00	-5.1563489841e+00	1.59e-08	3.08e-09	yes	OK
132	31	41	-1.674484e+00	-1.6744842758e+00	2.76e-07	1.65e-07	yes	OK
133	31	41	-5.151170e+00	-5.1511703581e+00	3.58e-07	6.95e-08	yes	OK
134	41	41	-1.679663e+00	-1.6796629019e+00	9.81e-08	5.84e-08	yes	OK
135	41	41	-5.156349e+00	-5.1563489841e+00	1.59e-08	3.08e-09	yes	OK
136	41	41	-1.679663e+00	-1.6796629019e+00	9.81e-08	5.84e-08	yes	OK
137	41	41	-5.156349e+00	-5.1563489841e+00	1.59e-08	3.08e-09	yes	OK
138	41	41	-1.679663e+00	-1.6796629019e+00	9.81e-08	5.84e-08	yes	OK
139	41	41	-5.156349e+00	-5.1563489841e+00	1.59e-08	3.08e-09	yes	OK
140	41	41	-5.156349e+00	-5.1563489841e+00	1.59e-08	3.08e-09	yes	OK
141	41	41	-1.679663e+00	-1.6796629016e+00	9.84e-08	5.86e-08	yes	OK
142	41	41	-5.156349e+00	-5.1563489841e+00	1.59e-08	3.08e-09	yes	OK
143	41	41	-1.679663e+00	-1.6796629016e+00	9.84e-08	5.86e-08	yes	OK
144	41	41	-5.156349e+00	-5.1563489841e+00	1.59e-08	3.08e-09	yes	OK
145	41	41	-1.679663e+00	-1.6796629016e+00	9.84e-08	5.86e-08	yes	OK
146	41	41	-5.156349e+00	-5.1563489841e+00	1.59e-08	3.08e-09	yes	OK
147	41	41	-1.679663e+00	-1.6796629016e+00	9.84e-08	5.86e-08	yes	OK
148	41	41	-5.156349e+00	-5.1563489841e+00	1.59e-08	3.08e-09	yes	OK
149	41	41	-1.679663e+00	-1.6796629016e+00	9.84e-08	5.86e-08	yes	OK
150	41	41	-5.156349e+00	-5.1563489841e+00	1.59e-08	3.08e-09	yes	OK
151	41	41	-1.679663e+00	-1.6796629016e+00	9.84e-08	5.86e-08	yes	OK
152	41	41	-5.156349e+00	-5.1563489841e+00	1.59e-08	3.08e-09	yes	OK
153	41	41	-1.679663e+00	-1.6796629016e+00	9.84e-08	5.86e-08	yes	OK
154	32	41	-5.151664e+00	-5.1516642974e+00	2.97e-07	5.77e-08	yes	OK
155	32	41	-1.674978e+00	-1.6749782149e+00	2.15e-07	1.28e-07	yes	OK
156	30	41	-5.150582e+00	-5.1505824734e+00	4.73e-07	9.19e-08	yes	OK
157	30	41	-1.673896e+00	-1.6738963909e+00	3.91e-07	2.34e-07	yes	OK
158	29	41	-1.673374e+00	-1.6733743264e+00	3.26e-07	1.95e-07	yes	OK
159	29	41	-5.150060e+00	-5.1500604086e+00	4.09e-07	7.93e-08	yes	OK
160	25	41	-1.671289e+00	-1.6712890967e+00	9.67e-08	5.78e-08	yes	OK
161	25	41	-5.147975e+00	-5.1479751603e+00	1.60e-07	3.11e-08	yes	OK
162	19	41	-1.668200e+00	-1.6682004103e+00	4.10e-07	2.46e-07	yes	OK
163	19	41	-1.668193e+00	-1.6681925892e+00	4.11e-07	2.46e-07	yes	OK
164	17	41	-1.667118e+00	-1.6671181772e+00	1.77e-07	1.06e-07	yes	OK
165	17	41	-1.667118e+00	-1.6671181772e+00	1.77e-07	1.06e-07	yes	OK
166	16	41	-1.666636e+00	-1.6666358838e+00	1.16e-07	6.97e-08	yes	OK
167	16	41	-1.666636e+00	-1.6666358838e+00	1.16e-07	6.97e-08	yes	OK
168	10	41	-1.663390e+00	-1.6633899433e+00	5.67e-08	3.41e-08	yes	OK
169	10	41	-1.663390e+00	-1.6633899433e+00	5.67e-08	3.41e-08	yes	OK
170	41	41	-1.679843e+00	-1.6798427950e+00	2.05e-07	1.22e-07	yes	OK
171	41	41	-5.156529e+00	-5.1565294097e+00	4.10e-07	7.94e-08	yes	OK
172	12	41	-1.664723e+00	-1.6647226856e+00	3.14e-07	1.89e-07	yes	OK
173	12	41	-1.664723e+00	-1.6647226856e+00	3.14e-07	1.89e-07	yes	OK
174	41	41	-1.679843e+00	-1.6798427950e+00	2.05e-07	1.22e-07	yes	OK
175	41	41	-5.156529e+00	-5.1565294097e+00	4.10e-07	7.94e-08	yes	OK
176	41	41	-5.156529e+00	-5.1565294097e+00	4.10e-07	7.94e-08	yes	OK
177	41	41	-1.679843e+00	-1.6798427949e+00	2.05e-07	1.22e-07	yes	OK
178	41	41	-1.679843e+00	-1.6798427950e+00	2.05e-07	1.22e-07	yes	OK
179	41	41	-5.156529e+00	-5.1565294097e+00	4.10e-07	7.94e-08	yes	OK
180	41	41	-1.679843e+00	-1.6798427950e+00	2.05e-07	1.22e-07	yes	OK
181	41	41	-5.156529e+00	-5.1565294097e+00	4.10e-07	7.94e-08	yes	OK
182	41	41	-1.679843e+00	-1.6798427950e+00	2.05e-07	1.22e-07	yes	OK
183	41	41	-5.156529e+00	-5.1565294097e+00	4.10e-07	7.94e-08	yes	OK
184	41	41	-1.679843e+00	-1.6798427950e+00	2.05e-07	1.22e-07	yes	OK
185	41	41	-5.156529e+00	-5.1565294097e+00	4.10e-07	7.94e-08	yes	OK
186	14	41	-1.665723e+00	-1.6657225705e+00	4.29e-07	2.58e-07	yes	OK
187	14	41	-1.665723e+00	-1.6657225705e+00	4.30e-07	2.58e-07	yes	OK
188	41	41	-1.679843e+00	-1.6798427950e+00	2.05e-07	1.22e-07	yes	OK
189	41	41	-5.156529e+00	-5.1565294097e+00	4.10e-07	7.94e-08	yes	OK
190	41	41	-1.679843e+00	-1.6798427950e+00	2.05e-07	1.22e-07	yes	OK
191	41	41	-5.156529e+00	-5.1565294097e+00	4.10e-07	7.94e-08	yes	OK
192	41	41	-5.156529e+00	-5.1565294097e+00	4.10e-07	7.94e-08	yes	OK
193	41	41	-1.679843e+00	-1.6798427949e+00	2.05e-07	1.22e-07	yes	OK
194	41	41	-5.156529e+00	-5.1565294097e+00	4.10e-07	7.94e-08	yes	OK
195	41	41	-1.679843e+00	-1.6798427949e+00	2.05e-07	1.22e-07	yes	OK
196	41	41	-5.156529e+00	-5.1565294097e+00	4.10e-07	7.94e-08	yes	OK
197	41	41	-1.679843e+00	-1.6798427949e+00	2.05e-07	1.22e-07	yes	OK
198	35	41	-5.153284e+00	-5.1532837474e+00	2.53e-07	4.90e-08	yes	OK
199	35	41	-1.676597e+00	-1.6765971326e+00	1.33e-07	7.91e-08	yes	OK
200	41	41	-5.156529e+00	-5.1565294097e+00	4.10e-07	7.94e-08	yes	OK
201	41	41	-1.679843e+00	-1.6798427949e+00	2.05e-07	1.22e-07	yes	OK
202	41	41	-5.156529e+00	-5.1565294097e+00	4.10e-07	7.94e-08	yes	OK
203	41	41	-1.679843e+00	-1.6798427949e+00	2.05e-07	1.22e-07	yes	OK
204	41	41	-1.679843e+00	-1.6798427950e+00	2.05e-07	1.22e-07	yes	OK
205	41	41	-5.156529e+00	-5.1565294097e+00	4.10e-07	7.94e-08	yes	OK
206	33	41	-1.675633e+00	-1.6756326093e+00	3.91e-07	2.33e-07	yes	OK
207	33	41	-5.152319e+00	-5.1523192240e+00	2.24e-07	4.35e-08	yes	OK
208	41	41	-1.679843e+00	-1.6798427950e+00	2.05e-07	1.22e-07	yes	OK
209	41	41	-5.156529e+00	-5.1565294097e+00	4.10e-07	7.94e-08	yes	OK
210	22	41	-1.669937e+00	-1.6699366004e+00	4.00e-07	2.39e-07	yes	OK
211	22	41	-5.132199e+00	-5.1321993281e+00	3.28e-07	6.39e-08	yes	OK
212	41	41	-1.679843e+00	-1.6798427950e+00	2.05e-07	1.22e-07	yes	OK
213	41	41	-5.156529e+00	-5.1565294097e+00	4.10e-07	7.94e-08	yes	OK
214	41	41	-5.156529e+00	-5.1565294097e+00	4.10e-07	7.94e-08	yes	OK
215	41	41	-1.679843e+00	-1.6798427949e+00	2.05e-07	1.22e-07	yes	OK
216	41	41	-5.156529e+00	-5.1565294097e+00	4.10e-07	7.94e-08	yes	OK
217	41	41	-1.679843e+00	-1.6798427949e+00	2.05e-07	1.22e-07	yes	OK
218	41	41	-5.156529e+00	-5.1565294097e+00	4.10e-07	7.94e-08	yes	OK
219	41	41	-1.679843e+00	-1.6798427949e+00	2.05e-07	1.22e-07	yes	OK
220	38	41	-5.154961e+00	-5.1549613792e+00	3.79e-07	7.36e-08	yes	OK
221	38	41	-1.678275e+00	-1.6782747645e+00	2.36e-07	1.40e-07	yes	OK
222	37	41	-1.677718e+00	-1.6777181176e+00	1.18e-07	7.01e-08	yes	OK
223	37	41	-5.154405e+00	-5.1544047323e+00	2.68e-07	5.19e-08	yes	OK
224	33	41	-1.675382e+00	-1.6753824278e+00	4.28e-07	2.55e-07	yes	OK
225	33	41	-5.152069e+00	-5.1520690425e+00	4.25e-08	8.25e-09	yes	OK
226	29	41	-5.150143e+00	-5.1501434326e+00	4.33e-07	8.40e-08	yes	OK
227	29	41	-1.673457e+00	-1.6734568180e+00	1.82e-07	1.09e-07	yes	OK
228	27	41	-5.149136e+00	-5.1491356255e+00	3.74e-07	7.27e-08	yes	OK
229	27	41	-1.672449e+00	-1.6724492476e+00	2.48e-07	1.48e-07	yes	OK
230	23	41	-1.670329e+00	-1.6703289528e+00	4.72e-08	2.83e-08	yes	OK
231	23	41	-5.146972e+00	-5.1469720481e+00	4.81e-08	9.35e-09	yes	OK
232	22	41	-5.146408e+00	-5.1464075764e+00	4.24e-07	8.23e-08	yes	OK
233	22	41	-1.669808e+00	-1.6698076320e+00	3.68e-07	2.20e-07	yes	OK
234	17	41	-1.667232e+00	-1.6672320079e+00	7.90e-09	4.74e-09	yes	OK
235	17	41	-1.667232e+00	-1.6672319688e+00	3.12e-08	1.87e-08	yes	OK
236	16	41	-1.666710e+00	-1.6667101760e+00	1.76e-07	1.06e-07	yes	OK
237	16	41	-1.666710e+00	-1.6667101799e+00	1.80e-07	1.08e-07	yes	OK
238	88	151	-8.313582e+00	-8.3135817008e+00	2.99e-07	3.60e-08	yes	OK
239	88	154	-2.278994e+00	-2.2789940947e+00	9.47e-08	4.16e-08	yes	OK
240	149	151	-8.345347e+00	-8.3453465938e+00	4.06e-07	4.87e-08	yes	OK
241	149	154	-2.310759e+00	-2.3107589871e+00	1.29e-08	5.57e-09	yes	OK
242	29	151	-2.239685e+00	-2.2396851420e+00	1.42e-07	6.34e-08	yes	OK
243	29	154	-2.248229e+00	-2.2482289155e+00	8.45e-08	3.76e-08	yes	OK
244	134	151	-8.337565e+00	-8.3375654052e+00	4.05e-07	4.86e-08	yes	OK
245	134	154	-2.302978e+00	-2.3029777985e+00	2.02e-07	8.75e-08	yes	OK
246	100	151	-8.319830e+00	-8.3198304905e+00	4.90e-07	5.90e-08	yes	OK
247	100	154	-2.285243e+00	-2.2852428838e+00	1.16e-07	5.08e-08	yes	OK
248	30	151	-2.240210e+00	-2.2402104668e+00	4.67e-07	2.08e-07	yes	OK
249	30	154	-2.248754e+00	-2.2487542404e+00	2.40e-07	1.07e-07	yes	OK
250	99	151	-8.319313e+00	-8.3193134183e+00	4.18e-07	5.03e-08	yes	OK
251	99	154	-2.284726e+00	-2.2847258116e+00	1.88e-07	8.25e-08	yes	OK
252	145	151	-8.343261e+00	-8.3432607148e+00	2.85e-07	3.42e-08	yes	OK
253	145	154	-2.308673e+00	-2.3086731081e+00	1.08e-07	4.68e-08	yes	OK
254	133	151	-8.336958e+00	-8.3369580201e+00	2.01e-08	2.41e-09	yes	OK
255	133	154	-2.302370e+00	-2.3023704134e+00	4.13e-07	1.80e-07	yes	OK
256	26	151	-2.238121e+00	-2.2381214332e+00	4.33e-07	1.94e-07	yes	OK
257	26	154	-2.246665e+00	-2.2466652067e+00	2.07e-07	9.20e-08	yes	OK
258	148	151	-1.529819e+01	-1.5298187905e+01	2.09e-06	1.37e-07	yes	OK
259	148	154	-9.263600e+00	-9.2636002987e+00	2.99e-07	3.22e-08	yes	OK
260	51	151	-2.251160e+00	-2.2511597305e+00	2.69e-07	1.20e-07	yes	OK
261	51	154	-2.259704e+00	-2.2597035041e+00	4.96e-07	2.19e-07	yes	OK
262	115	151	-8.327659e+00	-8.3276593619e+00	3.62e-07	4.35e-08	yes	OK
263	115	154	-2.293072e+00	-2.2930717552e+00	2.45e-07	1.07e-07	yes	OK
264	116	151	-8.328177e+00	-8.3281768389e+00	1.61e-07	1.93e-08	yes	OK
265	116	154	-2.293589e+00	-2.2935892322e+00	2.32e-07	1.01e-07	yes	OK
266	48	151	-2.249556e+00	-2.2495564826e+00	4.83e-07	2.15e-07	yes	OK
267	48	154	-2.258100e+00	-2.2581002561e+00	2.56e-07	1.13e-07	yes	OK
268	137	151	-8.339126e+00	-8.3391257263e+00	2.74e-07	3.28e-08	yes	OK
269	137	154	-2.304538e+00	-2.3045381196e+00	1.20e-07	5.19e-08	yes	OK
270	96	151	-8.317714e+00	-8.3177140576e+00	5.76e-08	6.93e-09	yes	OK
271	96	154	-2.283126e+00	-2.2831264510e+00	4.51e-07	1.98e-07	yes	OK
272	15	151	-2.232351e+00	-2.2323510287e+00	2.87e-08	1.28e-08	yes	OK
273	15	154	-2.240895e+00	-2.2408948022e+00	1.98e-07	8.83e-08	yes	OK
274	129	151	-1.181163e+01	-1.1811634628e+01	4.63e-06	3.92e-07	yes	OK
275	129	154	-5.777047e+00	-5.7770470218e+00	2.18e-08	3.77e-09	yes	OK
276	30	151	-2.240210e+00	-2.2402104668e+00	4.67e-07	2.08e-07	yes	OK
277	30	154	-2.248754e+00	-2.2487542404e+00	2.40e-07	1.07e-07	yes	OK
278	72	151	-2.262109e+00	-2.2621086962e+00	3.04e-07	1.34e-07	yes	OK
279	72	154	-2.270652e+00	-2.2706524659e+00	4.66e-07	2.05e-07	yes	OK
280	75	151	-2.263672e+00	-2.2636720901e+00	9.01e-08	3.98e-08	yes	OK
281	75	154	-2.272216e+00	-2.2722162151e+00	2.15e-07	9.47e-08	yes	OK
282	14	151	-2.231830e+00	-2.2318296985e+00	3.02e-07	1.35e-07	yes	OK
283	14	154	-2.240373e+00	-2.2403734720e+00	4.72e-07	2.11e-07	yes	OK
284	85	151	-8.312017e+00	-8.3120170782e+00	7.82e-08	9.41e-09	yes	OK
285	85	154	-2.277430e+00	-2.2774300362e+00	3.62e-08	1.59e-08	yes	OK
286	122	151	-1.518071e+01	-1.5180707415e+01	2.59e-06	1.70e-07	yes	OK
287	122	154	-9.146120e+00	-9.1461198078e+00	1.92e-07	2.10e-08	yes	OK
288	91	151	-8.315142e+00	-8.3151422708e+00	2.71e-07	3.26e-08	yes	OK
289	91	154	-2.280555e+00	-2.2805546641e+00	3.36e-07	1.47e-07	yes	OK
290	80	151	-8.208827e+00	-8.2088266705e+00	3.29e-07	4.01e-08	yes	OK
291	80	154	-2.274816e+00	-2.2748156957e+00	3.04e-07	1.34e-07	yes	OK
292	150	151	-8.345908e+00	-8.3459075196e+00	4.80e-07	5.76e-08	yes	OK
293	150	154	-2.311320e+00	-2.3113199130e+00	8.70e-08	3.77e-08	yes	OK
294	149	151	-8.345347e+00	-8.3453471061e+00	1.06e-07	1.27e-08	yes	OK
295	149	154	-2.310759e+00	-2.3107594995e+00	4.99e-07	2.16e-07	yes	OK
296	146	151	-1.182045e+01	-1.1820454624e+01	4.62e-06	3.91e-07	yes	OK
297	146	154	-5.785867e+00	-5.7858670172e+00	1.72e-08	2.97e-09	yes	OK
298	142	151	-8.341658e+00	-8.3416579195e+00	8.05e-08	9.65e-09	yes	OK
299	142	154	-2.307070e+00	-2.3070703128e+00	3.13e-07	1.36e-07	yes	OK
300	132	151	-8.379673e+00	-8.3796731684e+00	1.68e-07	2.01e-08	yes	OK
301	132	154	-2.345086e+00	-2.3450855617e+00	4.38e-07	1.87e-07	yes	OK
302	127	151	-8.333873e+00	-8.3338728915e+00	1.08e-07	1.30e-08	yes	OK
303	127	154	-2.299285e+00	-2.2992852849e+00	2.85e-07	1.24e-07	yes	OK
304	126	151	-8.333351e+00	-8.3333510680e+00	6.80e-08	8.16e-09	yes	OK
305	126	154	-2.298763e+00	-2.2987634613e+00	4.61e-07	2.01e-07	yes	OK
306	122	151	-8.331231e+00	-8.3312307279e+00	2.72e-07	3.27e-08	yes	OK
307	122	154	-2.296643e+00	-2.2966431212e+00	1.21e-07	5.28e-08	yes	OK
308	114	151	-8.327099e+00	-8.3270988721e+00	1.28e-07	1.54e-08	yes	OK
309	114	154	-2.292511e+00	-2.2925112654e+00	2.65e-07	1.16e-07	yes	OK
310	105	151	-8.322367e+00	-8.3223669944e+00	5.64e-09	6.78e-10	yes	OK
311	105	154	-2.287779e+00	-2.2877793877e+00	3.88e-07	1.69e-07	yes	OK
312	103	151	-8.321360e+00	-8.3213597322e+00	2.68e-07	3.22e-08	yes	OK
313	103	154	-2.286772e+00	-2.2867721255e+00	1.26e-07	5.49e-08	yes	OK
314	100	151	-8.319796e+00	-8.3197956372e+00	3.63e-07	4.36e-08	yes	OK
315	100	154	-2.285208e+00	-2.2852080306e+00	3.06e-08	1.34e-08	yes	OK
316	100	151	-1.179647e+01	-1.1796471716e+01	1.72e-06	1.45e-07	yes	OK
317	100	154	-5.761884e+00	-5.7618841091e+00	1.09e-07	1.89e-08	yes	OK
318	96	151	-8.317675e+00	-8.3176745234e+00	4.77e-07	5.73e-08	yes	OK
319	96	154	-2.283087e+00	-2.2830869167e+00	8.33e-08	3.65e-08	yes	OK
320	96	151	-1.179435e+01	-1.1794350573e+01	5.73e-07	4.85e-08	yes	OK
321	96	154	-5.759763e+00	-5.7597629658e+00	3.42e-08	5.93e-09	yes	OK
322	94	151	-8.316632e+00	-8.3166317896e+00	2.10e-07	2.53e-08	yes	OK
323	94	154	-2.282044e+00	-2.2820441830e+00	1.83e-07	8.02e-08	yes	OK
324	89	151	-8.314064e+00	-8.3140643843e+00	3.84e-07	4.62e-08	yes	OK
325	89	154	-2.279477e+00	-2.2794767776e+00	2.22e-07	9.76e-08	yes	OK
326	88	151	-8.313504e+00	-8.3135035205e+00	4.80e-07	5.77e-08	yes	OK
327	88	154	-2.278916e+00	-2.2789159139e+00	8.61e-08	3.78e-08	yes	OK
328	86	151	-8.312496e+00	-8.3124963463e+00	3.46e-07	4.17e-08	yes	OK
329	86	154	-2.277909e+00	-2.2779087397e+00	2.60e-07	1.14e-07	yes	OK
330	85	151	-8.311979e+00	-8.3119788655e+00	1.35e-07	1.62e-08	yes	OK
331	85	154	-2.277391e+00	-2.2773912741e+00	2.74e-07	1.20e-07	yes	OK
332	71	151	-2.261544e+00	-2.2615439394e+00	6.06e-08	2.68e-08	yes	OK
333	71	154	-2.270088e+00	-2.2700877091e+00	2.91e-07	1.28e-07	yes	OK
334	59	151	-2.255253e+00	-2.2552526016e+00	3.98e-07	1.77e-07	yes	OK
335	59	154	-2.263796e+00	-2.2637963752e+00	3.75e-07	1.66e-07	yes	OK
336	57	151	-2.254245e+00	-2.2542449816e+00	1.84e-08	8.16e-09	yes	OK
337	57	154	-2.262789e+00	-2.2627887551e+00	2.45e-07	1.08e-07	yes	OK
338	53	151	-2.252120e+00	-2.2521200233e+00	2.33e-08	1.03e-08	yes	OK
339	53	154	-2.260664e+00	-2.2606637968e+00	2.03e-07	8.99e-08	yes	OK
340	52	151	-2.251641e+00	-2.2516408637e+00	1.36e-07	6.05e-08	yes	OK
341	52	154	-2.260185e+00	-2.2601846373e+00	3.63e-07	1.60e-07	yes	OK
342	50	151	-2.250555e+00	-2.2505554674e+00	4.67e-07	2.08e-07	yes	OK
343	50	154	-2.259099e+00	-2.2590992409e+00	2.41e-07	1.07e-07	yes	OK
344	48	151	-2.249513e+00	-2.2495126969e+00	3.03e-07	1.35e-07	yes	OK
345	48	154	-2.258056e+00	-2.2580564704e+00	4.70e-07	2.08e-07	yes	OK
346	47	151	-2.248996e+00	-2.2489956099e+00	3.90e-07	1.73e-07	yes	OK
347	47	154	-2.257539e+00	-2.2575393835e+00	3.83e-07	1.70e-07	yes	OK
348	45	151	-2.247992e+00	-2.2479923630e+00	3.63e-07	1.61e-07	yes	OK
349	45	154	-2.256536e+00	-2.2565361366e+00	1.37e-07	6.05e-08	yes	OK
350	37	151	-2.243817e+00	-2.2438166799e+00	3.20e-07	1.43e-07	yes	OK
351	37	154	-2.252360e+00	-2.2523604535e+00	4.53e-07	2.01e-07	yes	OK
352	36	151	-2.243260e+00	-2.2432604636e+00	4.64e-07	2.07e-07	yes	OK
353	36	154	-2.251804e+00	-2.2518042372e+00	2.37e-07	1.05e-07	yes	OK
354	33	151	-5.718397e+00	-5.7183965906e+00	4.09e-07	7.16e-08	yes	OK
355	33	154	-5.726940e+00	-5.7269403641e+00	3.64e-07	6.36e-08	yes	OK
356	26	151	-2.238086e+00	-2.2380862217e+00	2.22e-07	9.91e-08	yes	OK
357	26	154	-2.246630e+00	-2.2466299953e+00	4.73e-09	2.11e-09	yes	OK
358	14	151	-2.231830e+00	-2.2318296850e+00	3.15e-07	1.41e-07	yes	OK
359	14	154	-2.240373e+00	-2.2403734586e+00	4.59e-07	2.05e-07	yes	OK
360	14	151	-2.231830e+00	-2.2318296850e+00	3.15e-07	1.41e-07	yes	OK
361	14	154	-2.240373e+00	-2.2403734586e+00	4.59e-07	2.05e-07	yes	OK
362	12	151	-2.230787e+00	-2.2307868821e+00	1.18e-07	5.29e-08	yes	OK
363	12	154	-2.239331e+00	-2.2393306556e+00	3.44e-07	1.54e-07	yes	OK
364	11	151	-2.273454e+00	-2.2734540572e+00	5.72e-08	2.51e-08	yes	OK
365	11	154	-2.281998e+00	-2.2819978307e+00	1.69e-07	7.42e-08	yes	OK
366	41	41	-1.679752e+00	-1.6797524740e+00	4.74e-07	2.82e-07	yes	OK
367	41	41	-5.156418e+00	-5.1564176724e+00	3.28e-07	6.35e-08	yes	OK
368	16	41	-1.713841e+00	-1.7138413078e+00	3.08e-07	1.80e-07	yes	OK
369	16	41	-1.713841e+00	-1.7138413161e+00	3.16e-07	1.84e-07	yes	OK
370	41	41	-1.679752e+00	-1.6797524740e+00	4.74e-07	2.82e-07	yes	OK
371	41	41	-5.156418e+00	-5.1564176724e+00	3.28e-07	6.35e-08	yes	OK
372	41	41	-1.679752e+00	-1.6797524740e+00	4.74e-07	2.82e-07	yes	OK
373	41	41	-5.156418e+00	-5.1564176724e+00	3.28e-07	6.35e-08	yes	OK
374	20	41	-1.668761e+00	-1.6687605370e+00	4.63e-07	2.77e-07	yes	OK
375	20	41	-1.668796e+00	-1.6687957128e+00	2.87e-07	1.72e-07	yes	OK
376	41	41	-1.679752e+00	-1.6797524740e+00	4.74e-07	2.82e-07	yes	OK
377	41	41	-5.156418e+00	-5.1564176724e+00	3.28e-07	6.35e-08	yes	OK
378	41	41	-1.679752e+00	-1.6797524740e+00	4.74e-07	2.82e-07	yes	OK
379	41	41	-5.156418e+00	-5.1564176724e+00	3.28e-07	6.35e-08	yes	OK
380	41	41	-5.155254e+00	-5.1552543038e+00	3.04e-07	5.89e-08	yes	OK
381	41	41	-8.631920e+00	-8.6319195021e+00	4.98e-07	5.77e-08	yes	OK
382	41	41	-1.679752e+00	-1.6797524740e+00	4.74e-07	2.82e-07	yes	OK
383	41	41	-5.156418e+00	-5.1564176724e+00	3.28e-07	6.35e-08	yes	OK
384	32	41	-5.151608e+00	-5.1516079855e+00	1.45e-08	2.81e-09	yes	OK
385	32	41	-1.674943e+00	-1.6749428082e+00	1.92e-07	1.15e-07	yes	OK
386	41	41	-5.156418e+00	-5.1564176724e+00	3.28e-07	6.35e-08	yes	OK
387	41	41	-1.679752e+00	-1.6797524950e+00	4.95e-07	2.95e-07	yes	OK
388	41	41	-5.156418e+00	-5.1564176724e+00	3.28e-07	6.35e-08	yes	OK
389	41	41	-1.679752e+00	-1.6797524950e+00	4.95e-07	2.95e-07	yes	OK
390	41	41	-5.156418e+00	-5.1564176724e+00	3.28e-07	6.35e-08	yes	OK
391	41	41	-1.679752e+00	-1.6797524950e+00	4.95e-07	2.95e-07	yes	OK
392	41	41	-5.156418e+00	-5.1564176724e+00	3.28e-07	6.35e-08	yes	OK
393	41	41	-1.679752e+00	-1.6797524950e+00	4.95e-07	2.95e-07	yes	OK
394	41	41	-5.156418e+00	-5.1564176724e+00	3.28e-07	6.35e-08	yes	OK
395	41	41	-1.679752e+00	-1.6797524950e+00	4.95e-07	2.95e-07	yes	OK
396	41	41	-1.679752e+00	-1.6797524740e+00	4.74e-07	2.82e-07	yes	OK
397	41	41	-5.156418e+00	-5.1564176724e+00	3.28e-07	6.35e-08	yes	OK
398	41	41	-1.679752e+00	-1.6797524740e+00	4.74e-07	2.82e-07	yes	OK
399	41	41	-5.156418e+00	-5.1564176724e+00	3.28e-07	6.35e-08	yes	OK
400	17	41	-5.142321e+00	-5.1423214948e+00	4.95e-07	9.62e-08	yes	OK
401	17	41	-5.142321e+00	-5.1423214948e+00	4.95e-07	9.62e-08	yes	OK
402	41	41	-1.679752e+00	-1.6797524740e+00	4.74e-07	2.82e-07	yes	OK
403	41	41	-5.156418e+00	-5.1564176724e+00	3.28e-07	6.35e-08	yes	OK
404	41	41	-1.679752e+00	-1.6797524740e+00	4.74e-07	2.82e-07	yes	OK
405	41	41	-5.156418e+00	-5.1564176724e+00	3.28e-07	6.35e-08	yes	OK
406	24	41	-1.670842e+00	-1.6708417588e+00	2.41e-07	1.44e-07	yes	OK
407	24	41	-5.147236e+00	-5.1472357462e+00	2.54e-07	4.93e-08	yes	OK
408	41	41	-1.679752e+00	-1.6797524740e+00	4.74e-07	2.82e-07	yes	OK
409	41	41	-5.156418e+00	-5.1564176724e+00	3.28e-07	6.35e-08	yes	OK
410	15	41	-1.666157e+00	-1.6661572249e+00	2.25e-07	1.35e-07	yes	OK
411	15	41	-1.666157e+00	-1.6661572253e+00	2.25e-07	1.35e-07	yes	OK
412	28	41	-5.149639e+00	-5.1496393529e+00	3.53e-07	6.85e-08	yes	OK
413	28	41	-1.672974e+00	-1.6729741947e+00	1.95e-07	1.16e-07	yes	OK
414	41	41	-5.156418e+00	-5.1564176724e+00	3.28e-07	6.35e-08	yes	OK
415	41	41	-1.679752e+00	-1.6797524950e+00	4.95e-07	2.95e-07	yes	OK
416	41	41	-5.156418e+00	-5.1564176724e+00	3.28e-07	6.35e-08	yes	OK
417	41	41	-1.679752e+00	-1.6797524950e+00	4.95e-07	2.95e-07	yes	OK
418	41	41	-5.156418e+00	-5.1564176724e+00	3.28e-07	6.35e-08	yes	OK
419	41	41	-1.679752e+00	-1.6797524950e+00	4.95e-07	2.95e-07	yes	OK
420	41	41	-5.156418e+00	-5.1564176724e+00	3.28e-07	6.35e-08	yes	OK
421	41	41	-1.679752e+00	-1.6797524950e+00	4.95e-07	2.95e-07	yes	OK
422	37	41	-1.724791e+00	-1.7247905503e+00	4.50e-07	2.61e-07	yes	OK
423	37	41	-5.201456e+00	-5.2014557487e+00	2.51e-07	4.83e-08	yes	OK
424	32	41	-1.675053e+00	-1.6750525832e+00	4.17e-07	2.49e-07	yes	OK
425	32	41	-5.151718e+00	-5.1517177816e+00	2.18e-07	4.24e-08	yes	OK
426	29	41	-5.150122e+00	-5.1501222587e+00	2.59e-07	5.02e-08	yes	OK
427	29	41	-1.673457e+00	-1.6734570864e+00	8.64e-08	5.16e-08	yes	OK
428	29	41	-5.150122e+00	-5.1501222587e+00	2.59e-07	5.02e-08	yes	OK
429	29	41	-1.673457e+00	-1.6734570864e+00	8.64e-08	5.16e-08	yes	OK
430	26	41	-1.671893e+00	-1.6718929028e+00	9.72e-08	5.81e-08	yes	OK
431	26	41	-5.148557e+00	-5.1485566554e+00	3.45e-07	6.69e-08	yes	OK
432	72	151	-2.262194e+00	-2.2621939407e+00	5.93e-08	2.62e-08	yes	OK
433	72	153	-2.267908e+00	-2.2679084242e+00	4.24e-07	1.87e-07	yes	OK
434	74	151	-2.263237e+00	-2.2632374829e+00	4.83e-07	2.13e-07	yes	OK
435	74	153	-2.268952e+00	-2.2689518882e+00	1.12e-07	4.93e-08	yes	OK
436	92	151	-7.316904e+00	-7.3169036008e+00	3.99e-07	5.46e-08	yes	OK
437	92	153	-2.278296e+00	-2.2782964507e+00	4.51e-07	1.98e-07	yes	OK
438	16	151	-2.232907e+00	-2.2329072822e+00	2.82e-07	1.26e-07	yes	OK
439	16	153	-2.238622e+00	-2.2386217658e+00	2.34e-07	1.05e-07	yes	OK
440	130	151	-7.336717e+00	-7.3367171656e+00	1.66e-07	2.26e-08	yes	OK
441	130	153	-2.298110e+00	-2.2981100155e+00	1.55e-08	6.74e-09	yes	OK
442	118	151	-7.330461e+00	-7.3304605642e+00	4.36e-07	5.94e-08	yes	OK
443	118	153	-2.291853e+00	-2.2918534141e+00	4.14e-07	1.81e-07	yes	OK
444	116	151	-7.329457e+00	-7.3294565168e+00	4.83e-07	6.59e-08	yes	OK
445	116	153	-2.290849e+00	-2.2908493667e+00	3.67e-07	1.60e-07	yes	OK
446	78	151	-7.205327e+00	-7.2053267636e+00	2.36e-07	3.28e-08	yes	OK
447	78	153	-2.271037e+00	-2.2710374442e+00	4.44e-07	1.96e-07	yes	OK
448	148	151	-7.346102e+00	-7.3461019487e+00	5.13e-08	6.98e-09	yes	OK
449	148	153	-2.307495e+00	-2.3074947986e+00	2.01e-07	8.73e-08	yes	OK
450	117	151	-7.329939e+00	-7.3299385325e+00	4.68e-07	6.38e-08	yes	OK
451	117	153	-2.291331e+00	-2.2913313823e+00	3.82e-07	1.67e-07	yes	OK
452	17	151	-2.233390e+00	-2.2333899720e+00	2.80e-08	1.26e-08	yes	OK
453	17	153	-2.239104e+00	-2.2391044555e+00	4.55e-07	2.03e-07	yes	OK
454	122	151	-2.288217e+00	-2.2882167144e+00	2.86e-07	1.25e-07	yes	OK
455	122	153	-7.339296e+00	-7.3392956044e+00	3.96e-07	5.39e-08	yes	OK
456	91	151	-2.272058e+00	-2.2720579127e+00	8.73e-08	3.84e-08	yes	OK
457	91	153	-7.323137e+00	-7.3231368028e+00	1.97e-07	2.69e-08	yes	OK
458	12	151	-2.230782e+00	-2.2307822218e+00	2.22e-07	9.94e-08	yes	OK
459	12	153	-2.236497e+00	-2.2364967054e+00	2.95e-07	1.32e-07	yes	OK
460	50	151	-2.250635e+00	-2.2506345328e+00	4.67e-07	2.08e-07	yes	OK
461	50	153	-2.256349e+00	-2.2563490164e+00	1.64e-08	7.25e-09	yes	OK
462	57	151	-2.254159e+00	-2.2541586733e+00	3.27e-07	1.45e-07	yes	OK
463	57	153	-2.259873e+00	-2.2598731568e+00	1.57e-07	6.94e-08	yes	OK
464	104	151	-7.323193e+00	-7.3231926223e+00	3.78e-07	5.16e-08	yes	OK
465	104	153	-2.284585e+00	-2.2845854722e+00	4.72e-07	2.07e-07	yes	OK
466	79	151	-7.219956e+00	-7.2199555979e+00	4.02e-07	5.57e-08	yes	OK
467	79	153	-2.271519e+00	-2.2715193848e+00	3.85e-07	1.69e-07	yes	OK
468	94	151	-7.317869e+00	-7.3178693894e+00	3.89e-07	5.32e-08	yes	OK
469	94	153	-2.279262e+00	-2.2792622392e+00	2.39e-07	1.05e-07	yes	OK
470	24	151	-2.237078e+00	-2.2370782644e+00	2.64e-07	1.18e-07	yes	OK
471	24	153	-2.242793e+00	-2.2427927480e+00	2.52e-07	1.12e-07	yes	OK
472	21	151	-2.235510e+00	-2.2355102519e+00	2.52e-07	1.13e-07	yes	OK
473	21	153	-2.241225e+00	-2.2412247354e+00	2.65e-07	1.18e-07	yes	OK
474	119	151	-2.286656e+00	-2.2866564480e+00	4.48e-07	1.96e-07	yes	OK
475	119	153	-7.337735e+00	-7.3377353381e+00	3.38e-07	4.61e-08	yes	OK
476	57	151	-2.254159e+00	-2.2541586733e+00	3.27e-07	1.45e-07	yes	OK
477	57	153	-2.259873e+00	-2.2598731568e+00	1.57e-07	6.94e-08	yes	OK
478	31	151	-5.705748e+00	-5.7057483604e+00	3.60e-07	6.32e-08	yes	OK
479	31	153	-5.711463e+00	-5.7114628439e+00	1.56e-07	2.73e-08	yes	OK
480	128	151	-5.768029e+00	-5.7680286072e+00	3.93e-07	6.81e-08	yes	OK
481	128	153	-1.081911e+01	-1.0819107497e+01	2.50e-06	2.31e-07	yes	OK
482	150	151	-7.346988e+00	-7.3469879384e+00	6.16e-08	8.38e-09	yes	OK
483	150	153	-2.308381e+00	-2.3083807882e+00	2.12e-07	9.17e-08	yes	OK
484	147	151	-7.345713e+00	-7.3457133204e+00	3.20e-07	4.36e-08	yes	OK
485	147	153	-2.307106e+00	-2.3071061703e+00	1.70e-07	7.38e-08	yes	OK
486	145	151	-2.300349e+00	-2.3003489139e+00	8.61e-08	3.74e-08	yes	OK
487	145	153	-7.351428e+00	-7.3514278040e+00	1.96e-07	2.67e-08	yes	OK
488	145	151	-2.300349e+00	-2.3003489139e+00	8.61e-08	3.74e-08	yes	OK
489	145	153	-7.351428e+00	-7.3514278040e+00	1.96e-07	2.67e-08	yes	OK
490	146	151	-7.345192e+00	-7.3451915718e+00	4.28e-07	5.83e-08	yes	OK
491	146	153	-2.306584e+00	-2.3065844217e+00	4.22e-07	1.83e-07	yes	OK
492	140	151	-7.342063e+00	-7.3420629739e+00	2.61e-08	3.55e-09	yes	OK
493	140	153	-2.303456e+00	-2.3034558238e+00	1.76e-07	7.65e-08	yes	OK
494	138	151	-7.341021e+00	-7.3410205899e+00	4.10e-07	5.59e-08	yes	OK
495	138	153	-2.302413e+00	-2.3024134397e+00	4.40e-07	1.91e-07	yes	OK
496	136	151	-2.295656e+00	-2.2956561833e+00	1.83e-07	7.99e-08	yes	OK
497	136	153	-7.346735e+00	-7.3467350734e+00	7.34e-08	9.99e-09	yes	OK
498	135	151	-1.081610e+01	-1.0816103678e+01	3.68e-06	3.40e-07	yes	OK
499	135	153	-5.777497e+00	-5.7774965276e+00	4.72e-07	8.18e-08	yes	OK
500	120	151	-7.331621e+00	-7.3316205420e+00	4.58e-07	6.25e-08	yes	OK
501	120	153	-2.293013e+00	-2.2930133919e+00	3.92e-07	1.71e-07	yes	OK
502	116	151	-7.329512e+00	-7.3295115497e+00	4.50e-07	6.14e-08	yes	OK
503	116	153	-2.290904e+00	-2.2909043996e+00	4.00e-07	1.74e-07	yes	OK
504	82	151	-5.744088e+00	-5.7440883877e+00	3.88e-07	6.75e-08	yes	OK
505	82	153	-1.079508e+01	-1.0795079600e+01	4.00e-07	3.70e-08	yes	OK
506	77	151	-2.264805e+00	-2.2648049432e+00	5.68e-08	2.51e-08	yes	OK
507	77	153	-7.305119e+00	-7.3051187030e+00	2.97e-07	4.07e-08	yes	OK
508	73	151	-2.262720e+00	-2.2627198725e+00	1.28e-07	5.64e-08	yes	OK
509	73	153	-2.268434e+00	-2.2684343173e+00	3.17e-07	1.40e-07	yes	OK
510	71	151	-2.261669e+00	-2.2616688436e+00	1.56e-07	6.92e-08	yes	OK
511	71	153	-2.267383e+00	-2.2673833310e+00	3.31e-07	1.46e-07	yes	OK
512	67	151	-2.259590e+00	-2.2595904061e+00	4.06e-07	1.80e-07	yes	OK
513	67	153	-2.265305e+00	-2.2653048896e+00	1.10e-07	4.87e-08	yes	OK
514	51	151	-2.251237e+00	-2.2512374289e+00	4.29e-07	1.91e-07	yes	OK
515	51	153	-2.256952e+00	-2.2569519124e+00	8.76e-08	3.88e-08	yes	OK
516	49	151	-2.250199e+00	-2.2501989468e+00	5.32e-08	2.36e-08	yes	OK
517	49	153	-2.255913e+00	-2.2559134304e+00	4.30e-07	1.91e-07	yes	OK
518	44	151	-2.247592e+00	-2.2475916494e+00	3.51e-07	1.56e-07	yes	OK
519	44	153	-2.253306e+00	-2.2533061330e+00	1.33e-07	5.90e-08	yes	OK
520	38	151	-2.244471e+00	-2.2444707643e+00	2.36e-07	1.05e-07	yes	OK
521	38	153	-2.250185e+00	-2.2501852478e+00	2.48e-07	1.10e-07	yes	OK
522	37	151	-2.243911e+00	-2.2439107263e+00	2.74e-07	1.22e-07	yes	OK
523	37	153	-2.249625e+00	-2.2496252098e+00	2.10e-07	9.33e-08	yes	OK
524	36	151	-2.243390e+00	-2.2433897233e+00	2.77e-07	1.23e-07	yes	OK
525	36	153	-2.249104e+00	-2.2491042068e+00	2.07e-07	9.20e-08	yes	OK
526	32	151	-5.718025e+00	-5.7180253508e+00	3.51e-07	6.13e-08	yes	OK
527	32	153	-5.723740e+00	-5.7237398343e+00	1.66e-07	2.89e-08	yes	OK
528	30	151	-2.240258e+00	-2.2402575588e+00	4.41e-07	1.97e-07	yes	OK
529	30	153	-2.245972e+00	-2.2459720423e+00	4.23e-08	1.88e-08	yes	OK
530	17	151	-2.233483e+00	-2.2334832255e+00	2.26e-07	1.01e-07	yes	OK
531	17	153	-2.239198e+00	-2.2391977091e+00	2.91e-07	1.30e-07	yes	OK
532	12	151	-2.230908e+00	-2.2309079539e+00	4.61e-08	2.07e-08	yes	OK
533	12	153	-2.236622e+00	-2.2366224375e+00	4.37e-07	1.96e-07	yes	OK
534	41	41	-1.679714e+00	-1.6797138258e+00	1.74e-07	1.04e-07	yes	OK
535	41	41	-5.156369e+00	-5.1563688738e+00	1.26e-07	2.45e-08	yes	OK
536	15	41	-1.666154e+00	-1.6661540069e+00	6.95e-09	4.17e-09	yes	OK
537	15	41	-1.666154e+00	-1.6661540066e+00	6.55e-09	3.93e-09	yes	OK
538	24	41	-1.670846e+00	-1.6708456715e+00	3.29e-07	1.97e-07	yes	OK
539	24	41	-5.147350e+00	-5.1473499864e+00	1.36e-08	2.63e-09	yes	OK
540	41	41	-1.679714e+00	-1.6797138258e+00	1.74e-07	1.04e-07	yes	OK
541	41	41	-5.156369e+00	-5.1563688738e+00	1.26e-07	2.45e-08	yes	OK
542	41	41	-1.679714e+00	-1.6797138258e+00	1.74e-07	1.04e-07	yes	OK
543	41	41	-5.156369e+00	-5.1563688738e+00	1.26e-07	2.45e-08	yes	OK
544	41	41	-1.679714e+00	-1.6797138258e+00	1.74e-07	1.04e-07	yes	OK
545	41	41	-5.156369e+00	-5.1563688738e+00	1.26e-07	2.45e-08	yes	OK
546	41	41	-1.679714e+00	-1.6797138258e+00	1.74e-07	1.04e-07	yes	OK
547	41	41	-5.156369e+00	-5.1563688738e+00	1.26e-07	2.45e-08	yes	OK
548	41	41	-1.679714e+00	-1.6797138258e+00	1.74e-07	1.04e-07	yes	OK
549	41	41	-5.156369e+00	-5.1563688738e+00	1.26e-07	2.45e-08	yes	OK
550	41	41	-1.679714e+00	-1.6797138258e+00	1.74e-07	1.04e-07	yes	OK
551	41	41	-5.156369e+00	-5.1563688738e+00	1.26e-07	2.45e-08	yes	OK
552	36	41	-1.677107e+00	-1.6771069132e+00	8.68e-08	5.18e-08	yes	OK
553	36	41	-5.153762e+00	-5.1537619612e+00	3.88e-08	7.52e-09	yes	OK
554	41	41	-1.679714e+00	-1.6797138258e+00	1.74e-07	1.04e-07	yes	OK
555	41	41	-5.156369e+00	-5.1563688738e+00	1.26e-07	2.45e-08	yes	OK
556	41	41	-1.679714e+00	-1.6797138258e+00	1.74e-07	1.04e-07	yes	OK
557	41	41	-5.156369e+00	-5.1563688738e+00	1.26e-07	2.45e-08	yes	OK
558	22	41	-1.669765e+00	-1.6697645269e+00	4.73e-07	2.83e-07	yes	OK
559	22	41	-5.131961e+00	-5.1319605414e+00	4.59e-07	8.94e-08	yes	OK
560	34	41	-1.676064e+00	-1.6760636742e+00	3.26e-07	1.94e-07	yes	OK
561	34	41	-5.152719e+00	-5.1527187222e+00	2.78e-07	5.39e-08	yes	OK
562	41	41	-1.679714e+00	-1.6797138258e+00	1.74e-07	1.04e-07	yes	OK
563	41	41	-5.156369e+00	-5.1563688738e+00	1.26e-07	2.45e-08	yes	OK
564	32	41	-1.674982e+00	-1.6749822552e+00	2.55e-07	1.52e-07	yes	OK
565	32	41	-5.151637e+00	-5.1516373032e+00	3.03e-07	5.89e-08	yes	OK
566	41	41	-1.679714e+00	-1.6797138258e+00	1.74e-07	1.04e-07	yes	OK
567	41	41	-5.156369e+00	-5.1563688738e+00	1.26e-07	2.45e-08	yes	OK
568	41	41	-1.679714e+00	-1.6797138258e+00	1.74e-07	1.04e-07	yes	OK
569	41	41	-5.156369e+00	-5.1563688738e+00	1.26e-07	2.45e-08	yes	OK
570	41	41	-1.679714e+00	-1.6797138258e+00	1.74e-07	1.04e-07	yes	OK
571	41	41	-5.156369e+00	-5.1563688738e+00	1.26e-07	2.45e-08	yes	OK
572	14	41	-1.665636e+00	-1.6656361963e+00	1.96e-07	1.18e-07	yes	OK
573	14	41	-1.665636e+00	-1.6656361963e+00	1.96e-07	1.18e-07	yes	OK
574	41	41	-1.679714e+00	-1.6797138258e+00	1.74e-07	1.04e-07	yes	OK
575	41	41	-5.156369e+00	-5.1563688738e+00	1.26e-07	2.45e-08	yes	OK
576	41	41	-1.679714e+00	-1.6797138258e+00	1.74e-07	1.04e-07	yes	OK
577	41	41	-5.156369e+00	-5.1563688738e+00	1.26e-07	2.45e-08	yes	OK
578	41	41	-1.679714e+00	-1.6797138258e+00	1.74e-07	1.04e-07	yes	OK
579	41	41	-5.156369e+00	-5.1563688738e+00	1.26e-07	2.45e-08	yes	OK
580	34	41	-1.676064e+00	-1.6760636742e+00	3.26e-07	1.94e-07	yes	OK
581	34	41	-5.152719e+00	-5.1527187222e+00	2.78e-07	5.39e-08	yes	OK
582	41	41	-1.679714e+00	-1.6797138258e+00	1.74e-07	1.04e-07	yes	OK
583	41	41	-5.156369e+00	-5.1563688738e+00	1.26e-07	2.45e-08	yes	OK
584	41	41	-1.679714e+00	-1.6797138258e+00	1.74e-07	1.04e-07	yes	OK
585	41	41	-5.156369e+00	-5.1563688738e+00	1.26e-07	2.45e-08	yes	OK
586	41	41	-1.679714e+00	-1.6797138258e+00	1.74e-07	1.04e-07	yes	OK
587	41	41	-5.156369e+00	-5.1563688738e+00	1.26e-07	2.45e-08	yes	OK
588	32	41	-1.675056e+00	-1.6750562635e+00	2.64e-07	1.57e-07	yes	OK
589	32	41	-5.151711e+00	-5.1517113116e+00	3.12e-07	6.05e-08	yes	OK
590	30	41	-1.674017e+00	-1.6740173735e+00	3.74e-07	2.23e-07	yes	OK
591	30	41	-5.150672e+00	-5.1506724216e+00	4.22e-07	8.18e-08	yes	OK
592	28	41	-1.672975e+00	-1.6729746466e+00	3.53e-07	2.11e-07	yes	OK
593	28	41	-5.149630e+00	-5.1496296689e+00	3.31e-07	6.43e-08	yes	OK
594	28	41	-1.672975e+00	-1.6729746466e+00	3.53e-07	2.11e-07	yes	OK
595	28	41	-5.149630e+00	-5.1496296689e+00	3.31e-07	6.43e-08	yes	OK
596	25	41	-1.671407e+00	-1.6714066002e+00	4.00e-07	2.39e-07	yes	OK
597	25	41	-5.148062e+00	-5.1480615479e+00	4.52e-07	8.78e-08	yes	OK
598	22	41	-1.669847e+00	-1.6698467540e+00	2.46e-07	1.47e-07	yes	OK
599	22	41	-4.958913e+00	-4.9589133145e+00	3.14e-07	6.34e-08	yes	OK
600	14	41	-1.665676e+00	-1.6656757012e+00	2.99e-07	1.79e-07	yes	OK
601	14	41	-1.665676e+00	-1.6656757012e+00	2.99e-07	1.79e-07	yes	OK
602	12	41	-1.664594e+00	-1.6645937483e+00	2.52e-07	1.51e-07	yes	OK
603	12	41	-1.664594e+00	-1.6645937482e+00	2.52e-07	1.51e-07	yes	OK
604	41	41	-1.679752e+00	-1.6797521790e+00	1.79e-07	1.07e-07	yes	OK
605	41	41	-5.156439e+00	-5.1564386948e+00	3.05e-07	5.92e-08	yes	OK
606	41	41	-1.679752e+00	-1.6797521790e+00	1.79e-07	1.07e-07	yes	OK
607	41	41	-5.156439e+00	-5.1564386948e+00	3.05e-07	5.92e-08	yes	OK
608	41	41	-1.679752e+00	-1.6797521790e+00	1.79e-07	1.07e-07	yes	OK
609	41	41	-5.156439e+00	-5.1564386948e+00	3.05e-07	5.92e-08	yes	OK
610	41	41	-1.679752e+00	-1.6797521790e+00	1.79e-07	1.07e-07	yes	OK
611	41	41	-5.156439e+00	-5.1564386948e+00	3.05e-07	5.92e-08	yes	OK
612	41	41	-1.679752e+00	-1.6797521790e+00	1.79e-07	1.07e-07	yes	OK
613	41	41	-5.156439e+00	-5.1564386948e+00	3.05e-07	5.92e-08	yes	OK
614	41	41	-1.679752e+00	-1.6797521790e+00	1.79e-07	1.07e-07	yes	OK
615	41	41	-5.156439e+00	-5.1564386948e+00	3.05e-07	5.92e-08	yes	OK
616	41	41	-5.156439e+00	-5.1564386948e+00	3.05e-07	5.92e-08	yes	OK
617	41	41	-1.679752e+00	-1.6797521790e+00	1.79e-07	1.07e-07	yes	OK
618	41	41	-5.156439e+00	-5.1564386948e+00	3.05e-07	5.92e-08	yes	OK
619	41	41	-1.679752e+00	-1.6797521790e+00	1.79e-07	1.07e-07	yes	OK
620	25	41	-5.148001e+00	-5.1480006071e+00	3.93e-07	7.63e-08	yes	OK
621	25	41	-1.671329e+00	-1.6713286634e+00	3.37e-07	2.01e-07	yes	OK
622	41	41	-5.156439e+00	-5.1564386948e+00	3.05e-07	5.92e-08	yes	OK
623	41	41	-1.679752e+00	-1.6797521790e+00	1.79e-07	1.07e-07	yes	OK
624	41	41	-5.156439e+00	-5.1564386948e+00	3.05e-07	5.92e-08	yes	OK
625	41	41	-1.679752e+00	-1.6797521790e+00	1.79e-07	1.07e-07	yes	OK
626	41	41	-5.156439e+00	-5.1564386948e+00	3.05e-07	5.92e-08	yes	OK
627	41	41	-1.679752e+00	-1.6797521790e+00	1.79e-07	1.07e-07	yes	OK
628	41	41	-5.156439e+00	-5.1564386948e+00	3.05e-07	5.92e-08	yes	OK
629	41	41	-1.679752e+00	-1.6797521790e+00	1.79e-07	1.07e-07	yes	OK
630	41	41	-8.633115e+00	-8.6331148520e+00	1.48e-07	1.71e-08	yes	OK
631	41	41	-5.156428e+00	-5.1564283361e+00	3.36e-07	6.52e-08	yes	OK
632	41	41	-5.156439e+00	-5.1564386948e+00	3.05e-07	5.92e-08	yes	OK
633	41	41	-1.679752e+00	-1.6797521790e+00	1.79e-07	1.07e-07	yes	OK
634	41	41	-8.632798e+00	-8.6327976605e+00	3.39e-07	3.93e-08	yes	OK
635	41	41	-5.156428e+00	-5.1564282354e+00	2.35e-07	4.57e-08	yes	OK
636	41	41	-5.156439e+00	-5.1564386948e+00	3.05e-07	5.92e-08	yes	OK
637	41	41	-1.679752e+00	-1.6797521790e+00	1.79e-07	1.07e-07	yes	OK
638	41	41	-5.156439e+00	-5.1564386948e+00	3.05e-07	5.92e-08	yes	OK
639	41	41	-1.679752e+00	-1.6797521790e+00	1.79e-07	1.07e-07	yes	OK
640	41	41	-1.679752e+00	-1.6797521790e+00	1.79e-07	1.07e-07	yes	OK
641	41	41	-5.156439e+00	-5.1564386948e+00	3.05e-07	5.92e-08	yes	OK
642	41	41	-1.679752e+00	-1.6797521790e+00	1.79e-07	1.07e-07	yes	OK
643	41	41	-5.156439e+00	-5.1564386948e+00	3.05e-07	5.92e-08	yes	OK
644	41	41	-1.679752e+00	-1.6797521790e+00	1.79e-07	1.07e-07	yes	OK
645	41	41	-5.156439e+00	-5.1564386948e+00	3.05e-07	5.92e-08	yes	OK
646	41	41	-1.679752e+00	-1.6797521790e+00	1.79e-07	1.07e-07	yes	OK
647	41	41	-5.156439e+00	-5.1564386948e+00	3.05e-07	5.92e-08	yes	OK
648	41	41	-1.679752e+00	-1.6797521790e+00	1.79e-07	1.07e-07	yes	OK
649	41	41	-5.156439e+00	-5.1564386948e+00	3.05e-07	5.92e-08	yes	OK
650	41	41	-1.679752e+00	-1.6797521790e+00	1.79e-07	1.07e-07	yes	OK
651	41	41	-5.156439e+00	-5.1564386948e+00	3.05e-07	5.92e-08	yes	OK
652	32	41	-5.151747e+00	-5.1517470185e+00	1.85e-08	3.58e-09	yes	OK
653	32	41	-1.675061e+00	-1.6750605027e+00	4.97e-07	2.97e-07	yes	OK
654	41	41	-5.156439e+00	-5.1564386948e+00	3.05e-07	5.92e-08	yes	OK
655	41	41	-1.679752e+00	-1.6797521790e+00	1.79e-07	1.07e-07	yes	OK
656	41	41	-5.156439e+00	-5.1564386948e+00	3.05e-07	5.92e-08	yes	OK
657	41	41	-1.679752e+00	-1.6797521790e+00	1.79e-07	1.07e-07	yes	OK
658	41	41	-5.156439e+00	-5.1564386948e+00	3.05e-07	5.92e-08	yes	OK
659	41	41	-1.679752e+00	-1.6797521790e+00	1.79e-07	1.07e-07	yes	OK
660	10	41	-1.663586e+00	-1.6635862088e+00	2.09e-07	1.26e-07	yes	OK
661	10	41	-1.663586e+00	-1.6635862088e+00	2.09e-07	1.26e-07	yes	OK
662	41	41	-5.156439e+00	-5.1564386948e+00	3.05e-07	5.92e-08	yes	OK
663	41	41	-1.679752e+00	-1.6797521790e+00	1.79e-07	1.07e-07	yes	OK
664	41	41	-1.210946e+01	-1.2109456784e+01	3.22e-06	2.66e-07	yes	OK
665	41	41	-8.633094e+00	-8.6330936326e+00	3.67e-07	4.26e-08	yes	OK
666	39	41	-1.678709e+00	-1.6787090008e+00	8.25e-10	4.91e-10	yes	OK
667	39	41	-5.155396e+00	-5.1553955166e+00	4.83e-07	9.38e-08	yes	OK
668	33	41	-5.152264e+00	-5.1522636645e+00	3.36e-07	6.51e-08	yes	OK
669	33	41	-1.675577e+00	-1.6755771487e+00	1.49e-07	8.87e-08	yes	OK
670	20	41	-1.668803e+00	-1.6688030974e+00	9.74e-08	5.84e-08	yes	OK
671	20	41	-1.668803e+00	-1.6688030961e+00	9.61e-08	5.76e-08	yes	OK
672	41	41	-1.679749e+00	-1.6797490066e+00	6.62e-09	3.94e-09	yes	OK
673	41	41	-5.156425e+00	-5.1564250671e+00	6.71e-08	1.30e-08	yes	OK
674	41	41	-5.156425e+00	-5.1564249489e+00	5.11e-08	9.90e-09	yes	OK
675	41	41	-8.633101e+00	-8.6331010094e+00	9.43e-09	1.09e-09	yes	OK
676	41	41	-1.679749e+00	-1.6797490066e+00	6.62e-09	3.94e-09	yes	OK
677	41	41	-5.156425e+00	-5.1564250671e+00	6.71e-08	1.30e-08	yes	OK
678	10	41	-1.663547e+00	-1.6635467761e+00	2.24e-07	1.35e-07	yes	OK
679	10	41	-1.663547e+00	-1.6635467761e+00	2.24e-07	1.35e-07	yes	OK
680	41	41	-1.679749e+00	-1.6797490066e+00	6.62e-09	3.94e-09	yes	OK
681	41	41	-5.156425e+00	-5.1564250671e+00	6.71e-08	1.30e-08	yes	OK
682	41	41	-1.679749e+00	-1.6797490066e+00	6.62e-09	3.94e-09	yes	OK
683	41	41	-5.156425e+00	-5.1564250671e+00	6.71e-08	1.30e-08	yes	OK
684	41	41	-1.679749e+00	-1.6797490066e+00	6.62e-09	3.94e-09	yes	OK
685	41	41	-5.156425e+00	-5.1564250671e+00	6.71e-08	1.30e-08	yes	OK
686	41	41	-1.679749e+00	-1.6797490066e+00	6.62e-09	3.94e-09	yes	OK
687	41	41	-5.156425e+00	-5.1564250671e+00	6.71e-08	1.30e-08	yes	OK
688	41	41	-5.156425e+00	-5.1564250671e+00	6.71e-08	1.30e-08	yes	OK
689	41	41	-1.679749e+00	-1.6797490137e+00	1.37e-08	8.18e-09	yes	OK
690	41	41	-5.156425e+00	-5.1564250671e+00	6.71e-08	1.30e-08	yes	OK
691	41	41	-1.679749e+00	-1.6797490137e+00	1.37e-08	8.18e-09	yes	OK
692	41	41	-5.156425e+00	-5.1564250671e+00	6.71e-08	1.30e-08	yes	OK
693	41	41	-1.679749e+00	-1.6797490137e+00	1.37e-08	8.18e-09	yes	OK
694	41	41	-5.156425e+00	-5.1564250671e+00	6.71e-08	1.30e-08	yes	OK
695	41	41	-1.679749e+00	-1.6797490137e+00	1.37e-08	8.18e-09	yes	OK
696	41	41	-5.156425e+00	-5.1564250671e+00	6.71e-08	1.30e-08	yes	OK
697	41	41	-1.679749e+00	-1.6797490137e+00	1.37e-08	8.18e-09	yes	OK
698	37	41	-5.154336e+00	-5.1543355991e+00	4.01e-07	7.78e-08	yes	OK
699	37	41	-1.677660e+00	-1.6776595457e+00	4.54e-07	2.71e-07	yes	OK
700	41	41	-5.156425e+00	-5.1564250671e+00	6.71e-08	1.30e-08	yes	OK
701	41	41	-1.679749e+00	-1.6797490137e+00	1.37e-08	8.18e-09	yes	OK
702	41	41	-1.679749e+00	-1.6797490066e+00	6.62e-09	3.94e-09	yes	OK
703	41	41	-5.156425e+00	-5.1564250671e+00	6.71e-08	1.30e-08	yes	OK
704	39	41	-1.678698e+00	-1.6786984453e+00	4.45e-07	2.65e-07	yes	OK
705	39	41	-5.155375e+00	-5.1553745058e+00	4.94e-07	9.59e-08	yes	OK
706	41	41	-5.156425e+00	-5.1564250671e+00	6.71e-08	1.30e-08	yes	OK
707	41	41	-1.679749e+00	-1.6797490137e+00	1.37e-08	8.18e-09	yes	OK
708	41	41	-1.679749e+00	-1.6797490066e+00	6.62e-09	3.94e-09	yes	OK
709	41	41	-5.156425e+00	-5.1564250671e+00	6.71e-08	1.30e-08	yes	OK
710	41	41	-1.679749e+00	-1.6797490066e+00	6.62e-09	3.94e-09	yes	OK
711	41	41	-5.156425e+00	-5.1564250671e+00	6.71e-08	1.30e-08	yes	OK
712	41	41	-5.156425e+00	-5.1564250671e+00	6.71e-08	1.30e-08	yes	OK
713	41	41	-1.679749e+00	-1.6797490137e+00	1.37e-08	8.18e-09	yes	OK
714	41	41	-5.156425e+00	-5.1564250671e+00	6.71e-08	1.30e-08	yes	OK
715	41	41	-1.679749e+00	-1.6797490137e+00	1.37e-08	8.18e-09	yes	OK
716	41	41	-5.156425e+00	-5.1564250671e+00	6.71e-08	1.30e-08	yes	OK
717	41	41	-1.679749e+00	-1.6797490137e+00	1.37e-08	8.18e-09	yes	OK
718	41	41	-5.156425e+00	-5.1564250671e+00	6.71e-08	1.30e-08	yes	OK
719	41	41	-1.679749e+00	-1.6797490137e+00	1.37e-08	8.18e-09	yes	OK
720	41	41	-5.156425e+00	-5.1564250671e+00	6.71e-08	1.30e-08	yes	OK
721	41	41	-1.679749e+00	-1.6797490137e+00	1.37e-08	8.18e-09	yes	OK
722	41	41	-5.156425e+00	-5.1564250671e+00	6.71e-08	1.30e-08	yes	OK
723	41	41	-1.679749e+00	-1.6797490137e+00	1.37e-08	8.18e-09	yes	OK
724	41	41	-5.156425e+00	-5.1564250671e+00	6.71e-08	1.30e-08	yes	OK
725	41	41	-1.679749e+00	-1.6797490137e+00	1.37e-08	8.18e-09	yes	OK
726	38	41	-5.154853e+00	-5.1548530426e+00	4.26e-08	8.26e-09	yes	OK
727	38	41	-1.678177e+00	-1.6781769892e+00	1.08e-08	6.43e-09	yes	OK
728	35	41	-1.676616e+00	-1.6766156219e+00	3.78e-07	2.26e-07	yes	OK
729	35	41	-5.153292e+00	-5.1532916824e+00	3.18e-07	6.16e-08	yes	OK
730	26	41	-1.671811e+00	-1.6718109851e+00	1.49e-08	8.92e-09	yes	OK
731	26	41	-5.148475e+00	-5.1484751965e+00	1.97e-07	3.82e-08	yes	OK
732	20	41	-1.668799e+00	-1.6687992862e+00	2.86e-07	1.71e-07	yes	OK
733	20	41	-1.668799e+00	-1.6687992878e+00	2.88e-07	1.72e-07	yes	OK
734	15	41	-1.666154e+00	-1.6661540858e+00	8.58e-08	5.15e-08	yes	OK
735	15	41	-1.666154e+00	-1.6661540854e+00	8.54e-08	5.13e-08	yes	OK
736	11	41	-1.664103e+00	-1.6641033706e+00	3.71e-07	2.23e-07	yes	OK
737	11	41	-1.664103e+00	-1.6641033706e+00	3.71e-07	2.23e-07	yes	OK
738	41	41	-1.679951e+00	-1.6799513369e+00	3.37e-07	2.01e-07	yes	OK
739	41	41	-5.156595e+00	-5.1565951373e+00	1.37e-07	2.66e-08	yes	OK
740	41	41	-5.156604e+00	-5.1566037671e+00	2.33e-07	4.52e-08	yes	OK
741	41	41	-8.633248e+00	-8.6332475675e+00	4.33e-07	5.01e-08	yes	OK
742	24	41	-1.670979e+00	-1.6709794114e+00	4.11e-07	2.46e-07	yes	OK
743	24	41	-5.147423e+00	-5.1474225094e+00	4.91e-07	9.53e-08	yes	OK
744	18	41	-1.667692e+00	-1.6676916917e+00	3.08e-07	1.85e-07	yes	OK
745	18	41	-1.667692e+00	-1.6676916917e+00	3.08e-07	1.85e-07	yes	OK
746	41	41	-5.156592e+00	-5.1565920198e+00	1.98e-08	3.84e-09	yes	OK
747	41	41	-8.633236e+00	-8.6332358202e+00	1.80e-07	2.08e-08	yes	OK
748	41	41	-1.679951e+00	-1.6799513369e+00	3.37e-07	2.01e-07	yes	OK
749	41	41	-5.156595e+00	-5.1565951373e+00	1.37e-07	2.66e-08	yes	OK
750	31	41	-1.674363e+00	-1.6743627860e+00	2.14e-07	1.28e-07	yes	OK
751	31	41	-5.151007e+00	-5.1510065863e+00	4.14e-07	8.03e-08	yes	OK
752	22	41	-1.669893e+00	-1.6698932752e+00	2.75e-07	1.65e-07	yes	OK
753	22	41	-5.021528e+00	-5.0215282406e+00	2.41e-07	4.79e-08	yes	OK
754	41	41	-1.679951e+00	-1.6799513369e+00	3.37e-07	2.01e-07	yes	OK
755	41	41	-5.156595e+00	-5.1565951373e+00	1.37e-07	2.66e-08	yes	OK
756	35	41	-1.676827e+00	-1.6768265154e+00	4.85e-07	2.89e-07	yes	OK
757	35	41	-5.153470e+00	-5.1534703158e+00	3.16e-07	6.13e-08	yes	OK
758	41	41	-1.679951e+00	-1.6799513369e+00	3.37e-07	2.01e-07	yes	OK
759	41	41	-5.156595e+00	-5.1565951373e+00	1.37e-07	2.66e-08	yes	OK
760	41	41	-1.679951e+00	-1.6799513369e+00	3.37e-07	2.01e-07	yes	OK
761	41	41	-5.156595e+00	-5.1565951373e+00	1.37e-07	2.66e-08	yes	OK
762	23	41	-1.670418e+00	-1.6704180817e+00	8.17e-08	4.89e-08	yes	OK
763	23	41	-5.022117e+00	-5.0221173704e+00	3.70e-07	7.38e-08	yes	OK
764	41	41	-1.679951e+00	-1.6799513369e+00	3.37e-07	2.01e-07	yes	OK
765	41	41	-5.156595e+00	-5.1565951373e+00	1.37e-07	2.66e-08	yes	OK
766	41	41	-1.679951e+00	-1.6799513369e+00	3.37e-07	2.01e-07	yes	OK
767	41	41	-5.156595e+00	-5.1565951373e+00	1.37e-07	2.66e-08	yes	OK
768	41	41	-1.679951e+00	-1.6799513369e+00	3.37e-07	2.01e-07	yes	OK
769	41	41	-5.156595e+00	-5.1565951373e+00	1.37e-07	2.66e-08	yes	OK
770	41	41	-1.679951e+00	-1.6799513369e+00	3.37e-07	2.01e-07	yes	OK
771	41	41	-5.156595e+00	-5.1565951373e+00	1.37e-07	2.66e-08	yes	OK
772	41	41	-1.679951e+00	-1.6799513369e+00	3.37e-07	2.01e-07	yes	OK
773	41	41	-5.156595e+00	-5.1565951373e+00	1.37e-07	2.66e-08	yes	OK
774	41	41	-1.679951e+00	-1.6799513369e+00	3.37e-07	2.01e-07	yes	OK
775	41	41	-5.156595e+00	-5.1565951373e+00	1.37e-07	2.66e-08	yes	OK
776	41	41	-1.679951e+00	-1.6799513369e+00	3.37e-07	2.01e-07	yes	OK
777	41	41	-5.156595e+00	-5.1565951373e+00	1.37e-07	2.66e-08	yes	OK
778	41	41	-1.679951e+00	-1.6799513369e+00	3.37e-07	2.01e-07	yes	OK
779	41	41	-5.156595e+00	-5.1565951373e+00	1.37e-07	2.66e-08	yes	OK
780	38	41	-1.678352e+00	-1.6783519589e+00	4.11e-08	2.45e-08	yes	OK
781	38	41	-5.154996e+00	-5.1549957592e+00	2.41e-07	4.67e-08	yes	OK
782	41	41	-1.679951e+00	-1.6799513369e+00	3.37e-07	2.01e-07	yes	OK
783	41	41	-5.156595e+00	-5.1565951373e+00	1.37e-07	2.66e-08	yes	OK
784	21	41	-1.669415e+00	-1.6694152741e+00	2.74e-07	1.64e-07	yes	OK
785	21	41	-5.093499e+00	-5.0934987704e+00	2.30e-07	4.51e-08	yes	OK
786	41	41	-1.679951e+00	-1.6799513369e+00	3.37e-07	2.01e-07	yes	OK
787	41	41	-5.156595e+00	-5.1565951373e+00	1.37e-07	2.66e-08	yes	OK
788	41	41	-1.679951e+00	-1.6799513369e+00	3.37e-07	2.01e-07	yes	OK
789	41	41	-5.156595e+00	-5.1565951373e+00	1.37e-07	2.66e-08	yes	OK
790	32	41	-1.675212e+00	-1.6752119556e+00	4.44e-08	2.65e-08	yes	OK
791	32	41	-5.151856e+00	-5.1518557559e+00	2.44e-07	4.74e-08	yes	OK
792	29	41	-1.673642e+00	-1.6736415448e+00	4.55e-07	2.72e-07	yes	OK
793	29	41	-5.150285e+00	-5.1502853321e+00	3.32e-07	6.45e-08	yes	OK
794	24	41	-1.670955e+00	-1.6709545685e+00	4.31e-07	2.58e-07	yes	OK
795	24	41	-5.147548e+00	-5.1475477083e+00	2.92e-07	5.67e-08	yes	OK
796	17	41	-1.667339e+00	-1.6673394670e+00	4.67e-07	2.80e-07	yes	OK
797	17	41	-1.667339e+00	-1.6673394670e+00	4.67e-07	2.80e-07	yes	OK
798	17	41	-1.667339e+00	-1.6673394670e+00	4.67e-07	2.80e-07	yes	OK
799	17	41	-1.667339e+00	-1.6673394670e+00	4.67e-07	2.80e-07	yes	OK
800	12	41	-1.664418e+00	-1.6644178555e+00	1.45e-07	8.68e-08	yes	OK
801	12	41	-1.664418e+00	-1.6644178555e+00	1.45e-07	8.68e-08	yes	OK
802	11	41	-1.663982e+00	-1.6639817392e+00	2.61e-07	1.57e-07	yes	OK
803	11	41	-1.663982e+00	-1.6639817393e+00	2.61e-07	1.57e-07	yes	OK
804	10	41	-1.663542e+00	-1.6635424950e+00	4.95e-07	2.98e-07	yes	OK
805	10	41	-1.663542e+00	-1.6635424952e+00	4.95e-07	2.98e-07	yes	OK
806	10	41	-1.663542e+00	-1.6635424950e+00	4.95e-07	2.98e-07	yes	OK
807	10	41	-1.663542e+00	-1.6635424952e+00	4.95e-07	2.98e-07	yes	OK
808	22	151	-2.236040e+00	-2.2360397900e+00	2.10e-07	9.39e-08	yes	OK
809	22	154	-2.244584e+00	-2.2445835636e+00	4.36e-07	1.94e-07	yes	OK
810	61	151	-2.256424e+00	-2.2564235091e+00	4.91e-07	2.18e-07	yes	OK
811	61	154	-2.264967e+00	-2.2649672827e+00	2.83e-07	1.25e-07	yes	OK
812	42	151	-2.246342e+00	-2.2463418245e+00	1.76e-07	7.81e-08	yes	OK
813	42	154	-2.254886e+00	-2.2548855980e+00	4.02e-07	1.78e-07	yes	OK
814	36	151	-2.243335e+00	-2.2433346872e+00	3.13e-07	1.39e-07	yes	OK
815	36	154	-2.251878e+00	-2.2518784607e+00	4.61e-07	2.05e-07	yes	OK
816	119	151	-2.286664e+00	-2.2866638316e+00	1.68e-07	7.36e-08	yes	OK
817	119	154	-8.340572e+00	-8.3405719029e+00	9.71e-08	1.16e-08	yes	OK
818	44	151	-2.247440e+00	-2.2474400635e+00	6.35e-08	2.83e-08	yes	OK
819	44	154	-2.255984e+00	-2.2559838371e+00	1.63e-07	7.22e-08	yes	OK
820	146	151	-2.300769e+00	-2.3007687088e+00	2.91e-07	1.27e-07	yes	OK
821	146	154	-8.354677e+00	-8.3546767801e+00	2.20e-07	2.63e-08	yes	OK
822	80	151	-2.266366e+00	-2.2663656838e+00	3.16e-07	1.40e-07	yes	OK
823	80	154	-8.266518e+00	-8.2665180183e+00	1.83e-08	2.21e-09	yes	OK
824	92	151	-8.316387e+00	-8.3163870433e+00	4.33e-08	5.21e-09	yes	OK
825	92	154	-2.281131e+00	-2.2811306643e+00	3.36e-07	1.47e-07	yes	OK
826	129	151	-8.335717e+00	-8.3357165125e+00	4.87e-07	5.85e-08	yes	OK
827	129	154	-2.300460e+00	-2.3004601334e+00	1.33e-07	5.80e-08	yes	OK
828	128	151	-8.335192e+00	-8.3351916130e+00	3.87e-07	4.64e-08	yes	OK
829	128	154	-2.299935e+00	-2.2999352339e+00	2.34e-07	1.02e-07	yes	OK
830	82	151	-8.310584e+00	-8.3105837386e+00	2.61e-07	3.14e-08	yes	OK
831	82	154	-2.275917e+00	-2.2759170015e+00	1.46e-09	6.42e-10	yes	OK
832	107	151	-1.180092e+01	-1.1800922445e+01	2.45e-06	2.07e-07	yes	OK
833	107	154	-5.765666e+00	-5.7656660664e+00	6.64e-08	1.15e-08	yes	OK
834	150	151	-8.346662e+00	-8.3466623076e+00	3.08e-07	3.69e-08	yes	OK
835	150	154	-2.311406e+00	-2.3114059285e+00	7.15e-08	3.09e-08	yes	OK
836	145	151	-2.300251e+00	-2.3002513220e+00	3.22e-07	1.40e-07	yes	OK
837	145	154	-8.354159e+00	-8.3541593933e+00	3.93e-07	4.71e-08	yes	OK
838	124	151	-2.289310e+00	-2.2893101975e+00	1.97e-07	8.63e-08	yes	OK
839	124	154	-8.343218e+00	-8.3432182688e+00	2.69e-07	3.22e-08	yes	OK
840	84	151	-2.268416e+00	-2.2684159493e+00	5.07e-08	2.24e-08	yes	OK
841	84	154	-8.322318e+00	-8.3223180496e+00	4.96e-08	5.96e-09	yes	OK
842	136	151	-1.181605e+01	-1.1816045514e+01	4.49e-06	3.80e-07	yes	OK
843	136	154	-5.780789e+00	-5.7807891345e+00	1.35e-07	2.33e-08	yes	OK
844	20	151	-2.234997e+00	-2.2349969787e+00	2.13e-08	9.52e-09	yes	OK
845	20	154	-2.243541e+00	-2.2435407523e+00	2.48e-07	1.10e-07	yes	OK
846	96	151	-2.274672e+00	-2.2746720778e+00	7.78e-08	3.42e-08	yes	OK
847	96	154	-8.328580e+00	-8.3285801491e+00	1.49e-07	1.79e-08	yes	OK
848	99	151	-2.276275e+00	-2.2762749415e+00	5.85e-08	2.57e-08	yes	OK
849	99	154	-8.330183e+00	-8.3301830128e+00	1.28e-08	1.54e-09	yes	OK
850	114	151	-2.284057e+00	-2.2840573712e+00	3.71e-07	1.63e-07	yes	OK
851	114	154	-8.337965e+00	-8.3379654426e+00	4.43e-07	5.31e-08	yes	OK
852	85	151	-8.312772e+00	-8.3127721812e+00	1.81e-07	2.18e-08	yes	OK
853	85	154	-2.277516e+00	-2.2775163632e+00	3.63e-07	1.59e-07	yes	OK
854	95	151	-8.317990e+00	-8.3179899814e+00	1.86e-08	2.24e-09	yes	OK
855	95	154	-2.282734e+00	-2.2827336023e+00	3.98e-07	1.74e-07	yes	OK
856	14	151	-2.231751e+00	-2.2317514187e+00	4.19e-07	1.88e-07	yes	OK
857	14	154	-2.240295e+00	-2.2402951922e+00	1.92e-07	8.58e-08	yes	OK
858	77	151	-5.688901e+00	-5.6889013537e+00	3.54e-07	6.22e-08	yes	OK
859	77	154	-2.273349e+00	-2.2733492454e+00	2.45e-07	1.08e-07	yes	OK
860	110	151	-8.325772e+00	-8.3257715947e+00	4.05e-07	4.87e-08	yes	OK
861	110	154	-2.290515e+00	-2.2905152156e+00	2.16e-07	9.41e-08	yes	OK
862	79	151	-8.215441e+00	-8.2154405465e+00	4.54e-07	5.52e-08	yes	OK
863	79	154	-2.274353e+00	-2.2743528360e+00	1.64e-07	7.21e-08	yes	OK
864	147	151	-1.182175e+01	-1.1821749372e+01	6.28e-07	5.31e-08	yes	OK
865	147	154	-5.786493e+00	-5.7864929934e+00	6.59e-09	1.14e-09	yes	OK
866	146	151	-8.344581e+00	-8.3445806820e+00	3.18e-07	3.81e-08	yes	OK
867	146	154	-2.309324e+00	-2.3093243029e+00	3.03e-07	1.31e-07	yes	OK
868	131	151	-5.769620e+00	-5.7696202606e+00	2.61e-07	4.52e-08	yes	OK
869	131	154	-1.182353e+01	-1.1823528332e+01	1.67e-06	1.41e-07	yes	OK
870	126	151	-2.290235e+00	-2.2902353644e+00	3.64e-07	1.59e-07	yes	OK
871	126	154	-8.344143e+00	-8.3441434357e+00	4.36e-07	5.22e-08	yes	OK
872	116	151	-8.328934e+00	-8.3289339469e+00	5.31e-08	6.37e-09	yes	OK
873	116	154	-2.293678e+00	-2.2936775679e+00	4.32e-07	1.88e-07	yes	OK
874	113	151	-8.327086e+00	-8.3270855519e+00	4.48e-07	5.38e-08	yes	OK
875	113	154	-2.291829e+00	-2.2918291728e+00	1.73e-07	7.54e-08	yes	OK
876	92	151	-8.316289e+00	-8.3162894575e+00	4.57e-07	5.50e-08	yes	OK
877	92	154	-2.281033e+00	-2.2810330784e+00	7.84e-08	3.44e-08	yes	OK
878	84	151	-5.744991e+00	-5.7449913729e+00	3.73e-07	6.49e-08	yes	OK
879	84	154	-1.179889e+01	-1.1798893479e+01	3.48e-06	2.95e-07	yes	OK
880	80	151	-8.227244e+00	-8.2272435561e+00	4.44e-07	5.40e-08	yes	OK
881	80	154	-2.274784e+00	-2.2747843888e+00	3.89e-07	1.71e-07	yes	OK
882	67	151	-2.259462e+00	-2.2594623011e+00	3.01e-07	1.33e-07	yes	OK
883	67	154	-2.268006e+00	-2.2680060747e+00	7.47e-08	3.29e-08	yes	OK
884	64	151	-2.257898e+00	-2.2578980598e+00	5.98e-08	2.65e-08	yes	OK
885	64	154	-2.266442e+00	-2.2664418334e+00	1.67e-07	7.35e-08	yes	OK
886	60	151	-2.255852e+00	-2.2558517474e+00	2.53e-07	1.12e-07	yes	OK
887	60	154	-2.264396e+00	-2.2643955209e+00	4.79e-07	2.12e-07	yes	OK
888	59	151	-5.730557e+00	-5.7305565548e+00	4.45e-07	7.77e-08	yes	OK
889	59	154	-5.739100e+00	-5.7391003283e+00	3.28e-07	5.72e-08	yes	OK
890	56	151	-2.253727e+00	-2.2537271238e+00	1.24e-07	5.49e-08	yes	OK
891	56	154	-2.262271e+00	-2.2622708973e+00	1.03e-07	4.54e-08	yes	OK
892	55	151	-2.253206e+00	-2.2532061492e+00	1.49e-07	6.62e-08	yes	OK
893	55	154	-2.261750e+00	-2.2617499228e+00	7.72e-08	3.42e-08	yes	OK
894	51	151	-2.251156e+00	-2.2511559049e+00	9.51e-08	4.23e-08	yes	OK
895	51	154	-2.259700e+00	-2.2596996784e+00	3.22e-07	1.42e-07	yes	OK
896	43	151	-2.246988e+00	-2.2469884032e+00	4.03e-07	1.79e-07	yes	OK
897	43	154	-2.255532e+00	-2.2555321767e+00	1.77e-07	7.84e-08	yes	OK
898	35	151	-2.242818e+00	-2.2428177673e+00	2.33e-07	1.04e-07	yes	OK
899	35	154	-2.251362e+00	-2.2513615409e+00	4.59e-07	2.04e-07	yes	OK
900	25	151	-2.237600e+00	-2.2376000374e+00	3.74e-08	1.67e-08	yes	OK
901	25	154	-2.246144e+00	-2.2461438109e+00	1.89e-07	8.42e-08	yes	OK
902	19	151	-2.234468e+00	-2.2344678977e+00	1.02e-07	4.58e-08	yes	OK
903	19	154	-2.243012e+00	-2.2430116712e+00	3.29e-07	1.47e-07	yes	OK
904	18	151	-2.233954e+00	-2.2339542250e+00	2.25e-07	1.01e-07	yes	OK
905	18	154	-2.242498e+00	-2.2424979985e+00	1.47e-09	6.56e-10	yes	OK
906	17	41	-1.667191e+00	-1.6671912285e+00	2.29e-07	1.37e-07	yes	OK
907	17	41	-1.667191e+00	-1.6671913069e+00	3.07e-07	1.84e-07	yes	OK
908	41	41	-1.679666e+00	-1.6796663965e+00	3.96e-07	2.36e-07	yes	OK
909	41	41	-5.156237e+00	-5.1562366492e+00	3.51e-07	6.80e-08	yes	OK
910	41	41	-1.679666e+00	-1.6796663965e+00	3.96e-07	2.36e-07	yes	OK
911	41	41	-5.156237e+00	-5.1562366492e+00	3.51e-07	6.80e-08	yes	OK
912	41	41	-1.679666e+00	-1.6796663965e+00	3.96e-07	2.36e-07	yes	OK
913	41	41	-5.156237e+00	-5.1562366492e+00	3.51e-07	6.80e-08	yes	OK
914	41	41	-1.679666e+00	-1.6796663965e+00	3.96e-07	2.36e-07	yes	OK
915	41	41	-5.156237e+00	-5.1562366492e+00	3.51e-07	6.80e-08	yes	OK
916	14	41	-1.665667e+00	-1.6656674767e+00	4.77e-07	2.86e-07	yes	OK
917	14	41	-1.665667e+00	-1.6656674767e+00	4.77e-07	2.86e-07	yes	OK
918	41	41	-1.679666e+00	-1.6796663965e+00	3.96e-07	2.36e-07	yes	OK
919	41	41	-5.156237e+00	-5.1562366492e+00	3.51e-07	6.80e-08	yes	OK
920	41	41	-1.679666e+00	-1.6796663965e+00	3.96e-07	2.36e-07	yes	OK
921	41	41	-5.156237e+00	-5.1562366492e+00	3.51e-07	6.80e-08	yes	OK
922	41	41	-8.580591e+00	-8.5805908816e+00	1.18e-07	1.38e-08	yes	OK
923	41	41	-5.104052e+00	-5.1040522729e+00	2.73e-07	5.35e-08	yes	OK
924	41	41	-5.156295e+00	-5.1562949585e+00	4.15e-08	8.05e-09	yes	OK
925	41	41	-1.679756e+00	-1.6797563498e+00	3.50e-07	2.08e-07	yes	OK
926	41	41	-5.156295e+00	-5.1562949585e+00	4.15e-08	8.05e-09	yes	OK
927	41	41	-1.679756e+00	-1.6797563498e+00	3.50e-07	2.08e-07	yes	OK
928	41	41	-5.156295e+00	-5.1562949585e+00	4.15e-08	8.05e-09	yes	OK
929	41	41	-1.679756e+00	-1.6797563498e+00	3.50e-07	2.08e-07	yes	OK
930	41	41	-5.156295e+00	-5.1562949585e+00	4.15e-08	8.05e-09	yes	OK
931	41	41	-1.679756e+00	-1.6797563498e+00	3.50e-07	2.08e-07	yes	OK
932	37	41	-5.154174e+00	-5.1541742869e+00	2.87e-07	5.57e-08	yes	OK
933	37	41	-1.677636e+00	-1.6776356782e+00	3.22e-07	1.92e-07	yes	OK
934	41	41	-5.156295e+00	-5.1562949585e+00	4.15e-08	8.05e-09	yes	OK
935	41	41	-1.679756e+00	-1.6797563498e+00	3.50e-07	2.08e-07	yes	OK
936	22	41	-4.874645e+00	-4.8746450551e+00	5.51e-08	1.13e-08	yes	OK
937	22	41	-1.669717e+00	-1.6697173104e+00	3.10e-07	1.86e-07	yes	OK
938	16	41	-1.666674e+00	-1.6666738957e+00	1.04e-07	6.26e-08	yes	OK
939	16	41	-1.666674e+00	-1.6666738996e+00	1.00e-07	6.02e-08	yes	OK
940	38	41	-1.678102e+00	-1.6781022581e+00	2.58e-07	1.54e-07	yes	OK
941	38	41	-5.154673e+00	-5.1546725109e+00	4.89e-07	9.49e-08	yes	OK
942	41	41	-1.679666e+00	-1.6796663965e+00	3.96e-07	2.36e-07	yes	OK
943	41	41	-5.156237e+00	-5.1562366492e+00	3.51e-07	6.80e-08	yes	OK
944	41	41	-1.679666e+00	-1.6796663965e+00	3.96e-07	2.36e-07	yes	OK
945	41	41	-5.156237e+00	-5.1562366492e+00	3.51e-07	6.80e-08	yes	OK
946	12	41	-1.664609e+00	-1.6646090135e+00	1.35e-08	8.12e-09	yes	OK
947	12	41	-1.664609e+00	-1.6646090135e+00	1.35e-08	8.12e-09	yes	OK
948	41	41	-1.679666e+00	-1.6796663965e+00	3.96e-07	2.36e-07	yes	OK
949	41	41	-5.156237e+00	-5.1562366492e+00	3.51e-07	6.80e-08	yes	OK
950	20	41	-1.668681e+00	-1.6686811890e+00	1.89e-07	1.13e-07	yes	OK
951	20	41	-1.668759e+00	-1.6687593434e+00	3.43e-07	2.06e-07	yes	OK
952	20	41	-1.668681e+00	-1.6686811890e+00	1.89e-07	1.13e-07	yes	OK
953	20	41	-1.668759e+00	-1.6687593434e+00	3.43e-07	2.06e-07	yes	OK
954	41	41	-1.679666e+00	-1.6796663965e+00	3.96e-07	2.36e-07	yes	OK
955	41	41	-5.156237e+00	-5.1562366492e+00	3.51e-07	6.80e-08	yes	OK
956	41	41	-1.679666e+00	-1.6796663965e+00	3.96e-07	2.36e-07	yes	OK
957	41	41	-5.156237e+00	-5.1562366492e+00	3.51e-07	6.80e-08	yes	OK
958	41	41	-1.679666e+00	-1.6796663965e+00	3.96e-07	2.36e-07	yes	OK
959	41	41	-5.156237e+00	-5.1562366492e+00	3.51e-07	6.80e-08	yes	OK
960	41	41	-5.156295e+00	-5.1562949585e+00	4.15e-08	8.05e-09	yes	OK
961	41	41	-1.679756e+00	-1.6797563498e+00	3.50e-07	2.08e-07	yes	OK
962	41	41	-5.156295e+00	-5.1562949585e+00	4.15e-08	8.05e-09	yes	OK
963	41	41	-1.679756e+00	-1.6797563498e+00	3.50e-07	2.08e-07	yes	OK
964	41	41	-5.156295e+00	-5.1562949585e+00	4.15e-08	8.05e-09	yes	OK
965	41	41	-1.679756e+00	-1.6797563498e+00	3.50e-07	2.08e-07	yes	OK
966	41	41	-5.156295e+00	-5.1562949585e+00	4.15e-08	8.05e-09	yes	OK
967	41	41	-1.679756e+00	-1.6797563498e+00	3.50e-07	2.08e-07	yes	OK
968	39	41	-1.678585e+00	-1.6785848760e+00	1.24e-07	7.39e-08	yes	OK
969	39	41	-5.155155e+00	-5.1551551288e+00	1.29e-07	2.50e-08	yes	OK
970	35	41	-1.676523e+00	-1.6765227585e+00	2.42e-07	1.44e-07	yes	OK
971	35	41	-5.153093e+00	-5.1530930112e+00	1.12e-08	2.18e-09	yes	OK
972	31	41	-5.151078e+00	-5.1510775336e+00	4.66e-07	9.05e-08	yes	OK
973	31	41	-1.674539e+00	-1.6745389249e+00	7.51e-08	4.48e-08	yes	OK
974	26	41	-1.671810e+00	-1.6718096068e+00	3.93e-07	2.35e-07	yes	OK
975	26	41	-5.148379e+00	-5.1483793829e+00	3.83e-07	7.44e-08	yes	OK
976	26	41	-5.148296e+00	-5.1482957204e+00	2.80e-07	5.43e-08	yes	OK
977	26	41	-1.671900e+00	-1.6718996043e+00	3.96e-07	2.37e-07	yes	OK
978	21	41	-4.840188e+00	-4.8401883281e+00	3.28e-07	6.78e-08	yes	OK
979	21	41	-1.669140e+00	-1.6691400352e+00	3.52e-08	2.11e-08	yes	OK
980	20	41	-1.668640e+00	-1.6686395570e+00	4.43e-07	2.65e-07	yes	OK
981	20	41	-1.668522e+00	-1.6685223349e+00	3.35e-07	2.01e-07	yes	OK
982	16	41	-1.666636e+00	-1.6666358692e+00	1.31e-07	7.85e-08	yes	OK
983	16	41	-1.666636e+00	-1.6666358766e+00	1.23e-07	7.40e-08	yes	OK
984	95	151	-2.274057e+00	-2.2740565490e+00	4.51e-07	1.98e-07	yes	OK
985	95	153	-7.325151e+00	-7.3251513213e+00	3.21e-07	4.39e-08	yes	OK
986	35	151	-2.242771e+00	-2.2427707798e+00	2.20e-07	9.82e-08	yes	OK
987	35	153	-2.248485e+00	-2.2484852634e+00	2.63e-07	1.17e-07	yes	OK
988	141	151	-2.298045e+00	-2.2980445816e+00	4.18e-07	1.82e-07	yes	OK
989	141	153	-7.349139e+00	-7.3491393538e+00	3.54e-07	4.81e-08	yes	OK
990	114	151	-2.283967e+00	-2.2839673368e+00	3.37e-07	1.47e-07	yes	OK
991	114	153	-7.335062e+00	-7.3350621090e+00	1.09e-07	1.49e-08	yes	OK
992	61	151	-2.256217e+00	-2.2562171211e+00	1.21e-07	5.37e-08	yes	OK
993	61	153	-2.261932e+00	-2.2619316046e+00	3.95e-07	1.75e-07	yes	OK
994	146	151	-2.300648e+00	-2.3006475901e+00	4.10e-07	1.78e-07	yes	OK
995	146	153	-7.351742e+00	-7.3517423623e+00	3.62e-07	4.93e-08	yes	OK
996	102	151	-5.754376e+00	-5.7543761800e+00	1.80e-07	3.13e-08	yes	OK
997	102	153	-1.080547e+01	-1.0805470952e+01	9.52e-07	8.81e-08	yes	OK
998	104	151	-2.278754e+00	-2.2787536558e+00	3.44e-07	1.51e-07	yes	OK
999	104	153	-7.329848e+00	-7.3298484281e+00	4.28e-07	5.84e-08	yes	OK
1000	30	151	-2.240054e+00	-2.2400540342e+00	3.42e-08	1.53e-08	yes	OK
1001	30	153	-2.245769e+00	-2.2457685177e+00	4.82e-07	2.15e-07	yes	OK
1002	143	151	-2.299048e+00	-2.2990482325e+00	2.33e-07	1.01e-07	yes	OK
1003	143	153	-7.350143e+00	-7.3501430048e+00	4.79e-09	6.51e-10	yes	OK
1004	100	151	-2.276668e+00	-2.2766677459e+00	2.54e-07	1.12e-07	yes	OK
1005	100	153	-7.327763e+00	-7.3277625182e+00	4.82e-07	6.58e-08	yes	OK
1006	59	151	-2.255284e+00	-2.2552837824e+00	2.18e-07	9.65e-08	yes	OK
1007	59	153	-2.260998e+00	-2.2609982659e+00	2.66e-07	1.18e-07	yes	OK
1008	104	151	-2.278754e+00	-2.2787536558e+00	3.44e-07	1.51e-07	yes	OK
1009	104	153	-7.329848e+00	-7.3298484281e+00	4.28e-07	5.84e-08	yes	OK
1010	126	151	-5.766899e+00	-5.7668994920e+00	4.92e-07	8.53e-08	yes	OK
1011	126	153	-1.081799e+01	-1.0817994264e+01	4.26e-06	3.94e-07	yes	OK
1012	58	151	-2.254766e+00	-2.2547663627e+00	3.63e-07	1.61e-07	yes	OK
1013	58	153	-2.260481e+00	-2.2604808463e+00	1.54e-07	6.80e-08	yes	OK
1014	33	151	-2.241731e+00	-2.2417314831e+00	4.83e-07	2.15e-07	yes	OK
1015	33	153	-2.247446e+00	-2.2474459666e+00	3.34e-08	1.49e-08	yes	OK
1016	144	151	-2.299605e+00	-2.2996048239e+00	1.76e-07	7.66e-08	yes	OK
1017	144	153	-7.350700e+00	-7.3506995962e+00	4.04e-07	5.49e-08	yes	OK
1018	15	151	-2.232343e+00	-2.2323428405e+00	1.59e-07	7.14e-08	yes	OK
1019	15	153	-2.238057e+00	-2.2380573241e+00	3.24e-07	1.45e-07	yes	OK
1020	51	151	-2.251121e+00	-2.2511206240e+00	3.76e-07	1.67e-07	yes	OK
1021	51	153	-2.256835e+00	-2.2568351075e+00	1.08e-07	4.76e-08	yes	OK
1022	139	151	-2.296963e+00	-2.2969626226e+00	3.77e-07	1.64e-07	yes	OK
1023	139	153	-7.348057e+00	-7.3480573948e+00	3.95e-07	5.37e-08	yes	OK
1024	54	151	-2.252602e+00	-2.2526021712e+00	1.71e-07	7.60e-08	yes	OK
1025	54	153	-2.258317e+00	-2.2583166548e+00	3.45e-07	1.53e-07	yes	OK
1026	53	151	-2.252046e+00	-2.2520460646e+00	6.46e-08	2.87e-08	yes	OK
1027	53	153	-2.257761e+00	-2.2577605482e+00	4.52e-07	2.00e-07	yes	OK
1028	74	151	-2.262995e+00	-2.2629945665e+00	4.33e-07	1.92e-07	yes	OK
1029	74	153	-2.268709e+00	-2.2687094376e+00	4.38e-07	1.93e-07	yes	OK
1030	24	151	-2.237004e+00	-2.2370043180e+00	3.18e-07	1.42e-07	yes	OK
1031	24	153	-2.242719e+00	-2.2427188015e+00	1.99e-07	8.85e-08	yes	OK
1032	68	151	-2.259982e+00	-2.2599820561e+00	5.61e-08	2.48e-08	yes	OK
1033	68	153	-2.265697e+00	-2.2656965396e+00	4.60e-07	2.03e-07	yes	OK
1034	135	151	-2.294877e+00	-2.2948767463e+00	2.54e-07	1.11e-07	yes	OK
1035	135	153	-7.345972e+00	-7.3459715185e+00	4.81e-07	6.55e-08	yes	OK
1036	108	151	-2.280839e+00	-2.2808387583e+00	2.42e-07	1.06e-07	yes	OK
1037	108	153	-7.331934e+00	-7.3319335306e+00	4.69e-07	6.40e-08	yes	OK
1038	102	151	-2.277711e+00	-2.2777107744e+00	2.26e-07	9.90e-08	yes	OK
1039	102	153	-7.328806e+00	-7.3288055466e+00	4.53e-07	6.19e-08	yes	OK
1040	147	151	-2.301165e+00	-2.3011650531e+00	5.31e-08	2.31e-08	yes	OK
1041	147	153	-7.352260e+00	-7.3522598254e+00	1.75e-07	2.38e-08	yes	OK
1042	134	151	-2.294355e+00	-2.2943550691e+00	6.91e-08	3.01e-08	yes	OK
1043	134	153	-7.345450e+00	-7.3454498413e+00	1.59e-07	2.16e-08	yes	OK
1044	122	151	-2.288021e+00	-2.2880207596e+00	2.40e-07	1.05e-07	yes	OK
1045	122	153	-7.339116e+00	-7.3391155319e+00	4.68e-07	6.38e-08	yes	OK
1046	121	151	-2.287570e+00	-2.2875701682e+00	1.68e-07	7.35e-08	yes	OK
1047	121	153	-7.338665e+00	-7.3386649405e+00	5.95e-08	8.11e-09	yes	OK
1048	112	151	-2.282885e+00	-2.2828851218e+00	1.22e-07	5.33e-08	yes	OK
1049	112	153	-7.333980e+00	-7.3339798940e+00	1.06e-07	1.45e-08	yes	OK
1050	99	151	-2.276029e+00	-2.2760294276e+00	4.28e-07	1.88e-07	yes	OK
1051	99	153	-7.327124e+00	-7.3271241999e+00	2.00e-07	2.73e-08	yes	OK
1052	98	151	-2.275582e+00	-2.2755820042e+00	4.16e-09	1.83e-09	yes	OK
1053	98	153	-7.326677e+00	-7.3266767764e+00	2.24e-07	3.05e-08	yes	OK
1054	96	151	-2.274575e+00	-2.2745748032e+00	1.97e-07	8.65e-08	yes	OK
1055	96	153	-7.325670e+00	-7.3256695755e+00	4.25e-07	5.79e-08	yes	OK
1056	96	151	-5.751209e+00	-5.7512086142e+00	3.86e-07	6.71e-08	yes	OK
1057	96	153	-1.080230e+01	-1.0802303386e+01	3.39e-06	3.13e-07	yes	OK
1058	94	151	-5.750208e+00	-5.7502082217e+00	2.22e-07	3.86e-08	yes	OK
1059	94	153	-1.080130e+01	-1.0801302994e+01	2.99e-06	2.77e-07	yes	OK
1060	90	151	-2.271411e+00	-2.2714113898e+00	3.90e-07	1.72e-07	yes	OK
1061	90	153	-7.322506e+00	-7.3225061620e+00	1.62e-07	2.21e-08	yes	OK
1062	79	151	-2.265637e+00	-2.2656365881e+00	4.12e-07	1.82e-07	yes	OK
1063	79	153	-7.312354e+00	-7.3123544068e+00	4.07e-07	5.56e-08	yes	OK
1064	74	151	-2.263069e+00	-2.2630692775e+00	2.77e-07	1.23e-07	yes	OK
1065	74	153	-2.268788e+00	-2.2687876346e+00	3.65e-07	1.61e-07	yes	OK
1066	65	151	-2.258420e+00	-2.2584199351e+00	6.49e-08	2.87e-08	yes	OK
1067	65	153	-2.264134e+00	-2.2641344186e+00	4.19e-07	1.85e-07	yes	OK
1068	58	151	-2.254769e+00	-2.2547691308e+00	1.31e-07	5.80e-08	yes	OK
1069	58	153	-2.260484e+00	-2.2604836143e+00	3.86e-07	1.71e-07	yes	OK
1070	57	151	-2.254240e+00	-2.2542403123e+00	3.12e-07	1.39e-07	yes	OK
1071	57	153	-2.259955e+00	-2.2599547958e+00	2.04e-07	9.04e-08	yes	OK
1072	54	151	-2.252681e+00	-2.2526808405e+00	1.59e-07	7.08e-08	yes	OK
1073	54	153	-2.258395e+00	-2.2583953240e+00	3.24e-07	1.43e-07	yes	OK
1074	50	151	-2.250599e+00	-2.2505991942e+00	1.94e-07	8.63e-08	yes	OK
1075	50	153	-2.256314e+00	-2.2563136777e+00	3.22e-07	1.43e-07	yes	OK
1076	43	151	-2.246945e+00	-2.2469448566e+00	1.43e-07	6.38e-08	yes	OK
1077	43	153	-2.252659e+00	-2.2526593401e+00	3.40e-07	1.51e-07	yes	OK
1078	40	151	-2.245346e+00	-2.2453455552e+00	4.45e-07	1.98e-07	yes	OK
1079	40	153	-2.251060e+00	-2.2510600387e+00	3.87e-08	1.72e-08	yes	OK
1080	32	151	-2.241171e+00	-2.2411714386e+00	4.39e-07	1.96e-07	yes	OK
1081	32	153	-2.246886e+00	-2.2468859221e+00	7.79e-08	3.47e-08	yes	OK
1082	31	151	-2.240693e+00	-2.2406931049e+00	1.05e-07	4.68e-08	yes	OK
1083	31	153	-2.246408e+00	-2.2464075884e+00	4.12e-07	1.83e-07	yes	OK
1084	18	151	-2.233876e+00	-2.2338759065e+00	9.35e-08	4.18e-08	yes	OK
1085	18	153	-2.239590e+00	-2.2395903901e+00	3.90e-07	1.74e-07	yes	OK
1086	11	151	-2.230266e+00	-2.2302655004e+00	5.00e-07	2.24e-07	yes	OK
1087	11	153	-2.235980e+00	-2.2359799839e+00	1.61e-08	7.20e-09	yes	OK
1088	41	41	-5.156390e+00	-5.1563895503e+00	4.50e-07	8.72e-08	yes	OK
1089	41	41	-1.679713e+00	-1.6797134062e+00	4.06e-07	2.42e-07	yes	OK
1090	17	41	-1.667236e+00	-1.6672359110e+00	8.90e-08	5.34e-08	yes	OK
1091	17	41	-1.667236e+00	-1.6672359462e+00	5.38e-08	3.23e-08	yes	OK
1092	28	41	-1.672975e+00	-1.6729750066e+00	6.55e-09	3.92e-09	yes	OK
1093	28	41	-5.149651e+00	-5.1496510246e+00	2.46e-08	4.78e-09	yes	OK
1094	22	41	-1.669808e+00	-1.6698075691e+00	4.31e-07	2.58e-07	yes	OK
1095	22	41	-5.132181e+00	-5.1321808385e+00	1.61e-07	3.15e-08	yes	OK
1096	41	41	-1.679713e+00	-1.6797133992e+00	3.99e-07	2.38e-07	yes	OK
1097	41	41	-5.156390e+00	-5.1563895503e+00	4.50e-07	8.72e-08	yes	OK
1098	19	41	-1.668165e+00	-1.6681653217e+00	3.22e-07	1.93e-07	yes	OK
1099	19	41	-1.668165e+00	-1.6681653217e+00	3.22e-07	1.93e-07	yes	OK
1100	41	41	-8.516194e+00	-8.5161944957e+00	4.96e-07	5.82e-08	yes	OK
1101	41	41	-5.039518e+00	-5.0395183516e+00	3.52e-07	6.98e-08	yes	OK
1102	41	41	-1.679713e+00	-1.6797133992e+00	3.99e-07	2.38e-07	yes	OK
1103	41	41	-5.156390e+00	-5.1563895503e+00	4.50e-07	8.72e-08	yes	OK
1104	41	41	-1.679713e+00	-1.6797133992e+00	3.99e-07	2.38e-07	yes	OK
1105	41	41	-5.156390e+00	-5.1563895503e+00	4.50e-07	8.72e-08	yes	OK
1106	30	41	-5.150651e+00	-5.1506508509e+00	1.49e-07	2.89e-08	yes	OK
1107	30	41	-1.673975e+00	-1.6739747071e+00	2.93e-07	1.75e-07	yes	OK
1108	41	41	-5.156390e+00	-5.1563895503e+00	4.50e-07	8.72e-08	yes	OK
1109	41	41	-1.679713e+00	-1.6797134062e+00	4.06e-07	2.42e-07	yes	OK
1110	41	41	-5.156390e+00	-5.1563895503e+00	4.50e-07	8.72e-08	yes	OK
1111	41	41	-1.679713e+00	-1.6797134062e+00	4.06e-07	2.42e-07	yes	OK
1112	18	41	-1.667718e+00	-1.6677182160e+00	2.16e-07	1.30e-07	yes	OK
1113	18	41	-1.667718e+00	-1.6677182160e+00	2.16e-07	1.30e-07	yes	OK
1114	41	41	-5.156390e+00	-5.1563895503e+00	4.50e-07	8.72e-08	yes	OK
1115	41	41	-1.679713e+00	-1.6797134062e+00	4.06e-07	2.42e-07	yes	OK
1116	41	41	-5.156390e+00	-5.1563895503e+00	4.50e-07	8.72e-08	yes	OK
1117	41	41	-1.679713e+00	-1.6797134062e+00	4.06e-07	2.42e-07	yes	OK
1118	41	41	-5.156390e+00	-5.1563895503e+00	4.50e-07	8.72e-08	yes	OK
1119	41	41	-1.679713e+00	-1.6797134062e+00	4.06e-07	2.42e-07	yes	OK
1120	41	41	-5.156390e+00	-5.1563895503e+00	4.50e-07	8.72e-08	yes	OK
1121	41	41	-1.679713e+00	-1.6797134062e+00	4.06e-07	2.42e-07	yes	OK
1122	41	41	-5.156390e+00	-5.1563895503e+00	4.50e-07	8.72e-08	yes	OK
1123	41	41	-1.679713e+00	-1.6797134062e+00	4.06e-07	2.42e-07	yes	OK
1124	41	41	-1.679713e+00	-1.6797133992e+00	3.99e-07	2.38e-07	yes	OK
1125	41	41	-5.156390e+00	-5.1563895503e+00	4.50e-07	8.72e-08	yes	OK
1126	17	41	-1.667236e+00	-1.6672359110e+00	8.90e-08	5.34e-08	yes	OK
1127	17	41	-1.667236e+00	-1.6672359462e+00	5.38e-08	3.23e-08	yes	OK
1128	36	41	-1.677107e+00	-1.6771065169e+00	4.83e-07	2.88e-07	yes	OK
1129	36	41	-5.153783e+00	-5.1537826681e+00	3.32e-07	6.44e-08	yes	OK
1130	41	41	-1.679713e+00	-1.6797133992e+00	3.99e-07	2.38e-07	yes	OK
1131	41	41	-5.156390e+00	-5.1563895503e+00	4.50e-07	8.72e-08	yes	OK
1132	41	41	-5.156390e+00	-5.1563895503e+00	4.50e-07	8.72e-08	yes	OK
1133	41	41	-1.679713e+00	-1.6797134062e+00	4.06e-07	2.42e-07	yes	OK
1134	19	41	-1.668165e+00	-1.6681653217e+00	3.22e-07	1.93e-07	yes	OK
1135	19	41	-1.668165e+00	-1.6681653217e+00	3.22e-07	1.93e-07	yes	OK
1136	41	41	-1.679713e+00	-1.6797133992e+00	3.99e-07	2.38e-07	yes	OK
1137	41	41	-5.156390e+00	-5.1563895503e+00	4.50e-07	8.72e-08	yes	OK
1138	41	41	-1.679713e+00	-1.6797133992e+00	3.99e-07	2.38e-07	yes	OK
1139	41	41	-5.156390e+00	-5.1563895503e+00	4.50e-07	8.72e-08	yes	OK
1140	17	41	-1.667236e+00	-1.6672359110e+00	8.90e-08	5.34e-08	yes	OK
1141	17	41	-1.667236e+00	-1.6672359462e+00	5.38e-08	3.23e-08	yes	OK
1142	41	41	-1.679713e+00	-1.6797133992e+00	3.99e-07	2.38e-07	yes	OK
1143	41	41	-5.156390e+00	-5.1563895503e+00	4.50e-07	8.72e-08	yes	OK
1144	41	41	-1.679713e+00	-1.6797133992e+00	3.99e-07	2.38e-07	yes	OK
1145	41	41	-5.156390e+00	-5.1563895503e+00	4.50e-07	8.72e-08	yes	OK
1146	26	41	-1.671924e+00	-1.6719243336e+00	3.34e-07	2.00e-07	yes	OK
1147	26	41	-5.148598e+00	-5.1485975999e+00	4.00e-07	7.77e-08	yes	OK
1148	41	41	-5.156390e+00	-5.1563895503e+00	4.50e-07	8.72e-08	yes	OK
1149	41	41	-1.679713e+00	-1.6797134062e+00	4.06e-07	2.42e-07	yes	OK
1150	41	41	-5.156390e+00	-5.1563895503e+00	4.50e-07	8.72e-08	yes	OK
1151	41	41	-1.679713e+00	-1.6797134062e+00	4.06e-07	2.42e-07	yes	OK
1152	41	41	-5.156390e+00	-5.1563895503e+00	4.50e-07	8.72e-08	yes	OK
1153	41	41	-1.679713e+00	-1.6797134062e+00	4.06e-07	2.42e-07	yes	OK
1154	41	41	-8.517095e+00	-8.5170946716e+00	3.28e-07	3.86e-08	yes	OK
1155	41	41	-5.040419e+00	-5.0404185274e+00	4.73e-07	9.38e-08	yes	OK
1156	41	41	-5.156390e+00	-5.1563895503e+00	4.50e-07	8.72e-08	yes	OK
1157	41	41	-1.679713e+00	-1.6797134062e+00	4.06e-07	2.42e-07	yes	OK
1158	39	41	-5.155386e+00	-5.1553862600e+00	2.60e-07	5.04e-08	yes	OK
1159	39	41	-1.678710e+00	-1.6787101159e+00	1.16e-07	6.90e-08	yes	OK
1160	10	41	-1.663547e+00	-1.6635467329e+00	2.67e-07	1.61e-07	yes	OK
1161	10	41	-1.663547e+00	-1.6635467333e+00	2.67e-07	1.60e-07	yes	OK
1162	41	41	-5.156390e+00	-5.1563895503e+00	4.50e-07	8.72e-08	yes	OK
1163	41	41	-1.679713e+00	-1.6797134062e+00	4.06e-07	2.42e-07	yes	OK
1164	41	41	-5.156390e+00	-5.1563895503e+00	4.50e-07	8.72e-08	yes	OK
1165	41	41	-1.679713e+00	-1.6797134062e+00	4.06e-07	2.42e-07	yes	OK
1166	31	41	-5.151058e+00	-5.1510580139e+00	1.39e-08	2.70e-09	yes	OK
1167	31	41	-1.674382e+00	-1.6743818700e+00	1.30e-07	7.77e-08	yes	OK
1168	27	41	-1.672410e+00	-1.6724101831e+00	1.83e-07	1.09e-07	yes	OK
1169	27	41	-5.149086e+00	-5.1490862081e+00	2.08e-07	4.04e-08	yes	OK
1170	14	41	-1.665636e+00	-1.6656361943e+00	1.94e-07	1.17e-07	yes	OK
1171	14	41	-1.665636e+00	-1.6656361942e+00	1.94e-07	1.17e-07	yes	OK
1172	41	41	-1.679753e+00	-1.6797529202e+00	7.98e-08	4.75e-08	yes	OK
1173	41	41	-5.156418e+00	-5.1564179068e+00	9.32e-08	1.81e-08	yes	OK
1174	41	41	-5.156418e+00	-5.1564179068e+00	9.32e-08	1.81e-08	yes	OK
1175	41	41	-1.679753e+00	-1.6797529410e+00	5.90e-08	3.51e-08	yes	OK
1176	30	41	-1.674018e+00	-1.6740177783e+00	2.22e-07	1.32e-07	yes	OK
1177	30	41	-5.150683e+00	-5.1506827648e+00	2.35e-07	4.57e-08	yes	OK
1178	41	41	-1.679753e+00	-1.6797529202e+00	7.98e-08	4.75e-08	yes	OK
1179	41	41	-5.156418e+00	-5.1564179068e+00	9.32e-08	1.81e-08	yes	OK
1180	41	41	-5.156418e+00	-5.1564179068e+00	9.32e-08	1.81e-08	yes	OK
1181	41	41	-1.679753e+00	-1.6797529410e+00	5.90e-08	3.51e-08	yes	OK
1182	41	41	-5.156418e+00	-5.1564179068e+00	9.32e-08	1.81e-08	yes	OK
1183	41	41	-1.679753e+00	-1.6797529410e+00	5.90e-08	3.51e-08	yes	OK
1184	41	41	-5.156418e+00	-5.1564179068e+00	9.32e-08	1.81e-08	yes	OK
1185	41	41	-1.679753e+00	-1.6797529410e+00	5.90e-08	3.51e-08	yes	OK
1186	41	41	-5.156418e+00	-5.1564179068e+00	9.32e-08	1.81e-08	yes	OK
1187	41	41	-1.679753e+00	-1.6797529410e+00	5.90e-08	3.51e-08	yes	OK
1188	41	41	-8.633104e+00	-8.6331042017e+00	2.02e-07	2.34e-08	yes	OK
1189	41	41	-5.156439e+00	-5.1564392359e+00	2.36e-07	4.57e-08	yes	OK
1190	41	41	-5.156418e+00	-5.1564179068e+00	9.32e-08	1.81e-08	yes	OK
1191	41	41	-1.679753e+00	-1.6797529410e+00	5.90e-08	3.51e-08	yes	OK
1192	41	41	-5.156418e+00	-5.1564179068e+00	9.32e-08	1.81e-08	yes	OK
1193	41	41	-1.679753e+00	-1.6797529410e+00	5.90e-08	3.51e-08	yes	OK
1194	41	41	-1.679753e+00	-1.6797529202e+00	7.98e-08	4.75e-08	yes	OK
1195	41	41	-5.156418e+00	-5.1564179068e+00	9.32e-08	1.81e-08	yes	OK
1196	41	41	-1.679753e+00	-1.6797529202e+00	7.98e-08	4.75e-08	yes	OK
1197	41	41	-5.156418e+00	-5.1564179068e+00	9.32e-08	1.81e-08	yes	OK
1198	41	41	-1.679753e+00	-1.6797529202e+00	7.98e-08	4.75e-08	yes	OK
1199	41	41	-5.156418e+00	-5.1564179068e+00	9.32e-08	1.81e-08	yes	OK
1200	41	41	-1.679753e+00	-1.6797529202e+00	7.98e-08	4.75e-08	yes	OK
1201	41	41	-5.156418e+00	-5.1564179068e+00	9.32e-08	1.81e-08	yes	OK
1202	41	41	-5.156418e+00	-5.1564179068e+00	9.32e-08	1.81e-08	yes	OK
1203	41	41	-1.679753e+00	-1.6797529410e+00	5.90e-08	3.51e-08	yes	OK
1204	41	41	-1.679753e+00	-1.6797529202e+00	7.98e-08	4.75e-08	yes	OK
1205	41	41	-5.156418e+00	-5.1564179068e+00	9.32e-08	1.81e-08	yes	OK
1206	41	41	-1.679753e+00	-1.6797529202e+00	7.98e-08	4.75e-08	yes	OK
1207	41	41	-5.156418e+00	-5.1564179068e+00	9.32e-08	1.81e-08	yes	OK
1208	41	41	-1.679753e+00	-1.6797529202e+00	7.98e-08	4.75e-08	yes	OK
1209	41	41	-5.156418e+00	-5.1564179068e+00	9.32e-08	1.81e-08	yes	OK
1210	41	41	-1.679753e+00	-1.6797529202e+00	7.98e-08	4.75e-08	yes	OK
1211	41	41	-5.156418e+00	-5.1564179068e+00	9.32e-08	1.81e-08	yes	OK
1212	12	41	-1.664631e+00	-1.6646314341e+00	4.34e-07	2.61e-07	yes	OK
1213	12	41	-1.664631e+00	-1.6646314341e+00	4.34e-07	2.61e-07	yes	OK
1214	41	41	-1.679753e+00	-1.6797529202e+00	7.98e-08	4.75e-08	yes	OK
1215	41	41	-5.156418e+00	-5.1564179068e+00	9.32e-08	1.81e-08	yes	OK
1216	34	41	-1.676099e+00	-1.6760989344e+00	6.56e-08	3.91e-08	yes	OK
1217	34	41	-5.152764e+00	-5.1527639211e+00	7.89e-08	1.53e-08	yes	OK
1218	41	41	-5.156418e+00	-5.1564179068e+00	9.32e-08	1.81e-08	yes	OK
1219	41	41	-1.679753e+00	-1.6797529410e+00	5.90e-08	3.51e-08	yes	OK
1220	41	41	-5.156418e+00	-5.1564179068e+00	9.32e-08	1.81e-08	yes	OK
1221	41	41	-1.679753e+00	-1.6797529410e+00	5.90e-08	3.51e-08	yes	OK
1222	41	41	-5.156418e+00	-5.1564179068e+00	9.32e-08	1.81e-08	yes	OK
1223	41	41	-1.679753e+00	-1.6797529410e+00	5.90e-08	3.51e-08	yes	OK
1224	36	41	-5.153811e+00	-5.1538106418e+00	3.58e-07	6.95e-08	yes	OK
1225	36	41	-1.677146e+00	-1.6771456760e+00	3.24e-07	1.93e-07	yes	OK
1226	39	41	-1.678710e+00	-1.6787101459e+00	1.46e-07	8.69e-08	yes	OK
1227	39	41	-5.155375e+00	-5.1553751325e+00	1.33e-07	2.57e-08	yes	OK
1228	37	41	-5.154332e+00	-5.1543319823e+00	1.77e-08	3.43e-09	yes	OK
1229	37	41	-1.677667e+00	-1.6776670165e+00	1.65e-08	9.85e-09	yes	OK
1230	35	41	-1.676623e+00	-1.6766234538e+00	4.54e-07	2.71e-07	yes	OK
1231	35	41	-5.153288e+00	-5.1532884404e+00	4.40e-07	8.55e-08	yes	OK
1232	33	41	-1.675581e+00	-1.6755814791e+00	4.79e-07	2.86e-07	yes	OK
1233	33	41	-5.152246e+00	-5.1522464658e+00	4.66e-07	9.04e-08	yes	OK
1234	29	41	-1.673496e+00	-1.6734963512e+00	3.51e-07	2.10e-07	yes	OK
1235	29	41	-5.150161e+00	-5.1501612170e+00	2.17e-07	4.21e-08	yes	OK
1236	27	41	-1.672453e+00	-1.6724531528e+00	1.53e-07	9.14e-08	yes	OK
1237	27	41	-5.149118e+00	-5.1491181377e+00	1.38e-07	2.67e-08	yes	OK
1238	15	41	-1.666150e+00	-1.6661501718e+00	1.72e-07	1.03e-07	yes	OK
1239	15	41	-1.666150e+00	-1.6661501718e+00	1.72e-07	1.03e-07	yes	OK
1240	10	41	-1.663543e+00	-1.6635432738e+00	2.74e-07	1.65e-07	yes	OK
1241	10	41	-1.663543e+00	-1.6635432738e+00	2.74e-07	1.65e-07	yes	OK
1242	41	41	-1.679752e+00	-1.6797521142e+00	1.14e-07	6.80e-08	yes	OK
1243	41	41	-5.156386e+00	-5.1563857258e+00	2.74e-07	5.32e-08	yes	OK
1244	41	41	-1.679752e+00	-1.6797521142e+00	1.14e-07	6.80e-08	yes	OK
1245	41	41	-5.156386e+00	-5.1563857258e+00	2.74e-07	5.32e-08	yes	OK
1246	41	41	-1.679752e+00	-1.6797521142e+00	1.14e-07	6.80e-08	yes	OK
1247	41	41	-5.156386e+00	-5.1563857258e+00	2.74e-07	5.32e-08	yes	OK
1248	13	41	-1.665067e+00	-1.6650672713e+00	2.71e-07	1.63e-07	yes	OK
1249	13	41	-1.665067e+00	-1.6650672713e+00	2.71e-07	1.63e-07	yes	OK
1250	41	41	-1.679752e+00	-1.6797521142e+00	1.14e-07	6.80e-08	yes	OK
1251	41	41	-5.156386e+00	-5.1563857258e+00	2.74e-07	5.32e-08	yes	OK
1252	41	41	-1.679752e+00	-1.6797521142e+00	1.14e-07	6.80e-08	yes	OK
1253	41	41	-5.156386e+00	-5.1563857258e+00	2.74e-07	5.32e-08	yes	OK
1254	41	41	-1.679752e+00	-1.6797521142e+00	1.14e-07	6.80e-08	yes	OK
1255	41	41	-5.156386e+00	-5.1563857258e+00	2.74e-07	5.32e-08	yes	OK
1256	41	41	-1.679752e+00	-1.6797521142e+00	1.14e-07	6.80e-08	yes	OK
1257	41	41	-5.156386e+00	-5.1563857258e+00	2.74e-07	5.32e-08	yes	OK
1258	41	41	-1.679752e+00	-1.6797521142e+00	1.14e-07	6.80e-08	yes	OK
1259	41	41	-5.156386e+00	-5.1563857258e+00	2.74e-07	5.32e-08	yes	OK
1260	41	41	-1.679752e+00	-1.6797521142e+00	1.14e-07	6.80e-08	yes	OK
1261	41	41	-5.156386e+00	-5.1563857258e+00	2.74e-07	5.32e-08	yes	OK
1262	41	41	-1.679752e+00	-1.6797521142e+00	1.14e-07	6.80e-08	yes	OK
1263	41	41	-5.156386e+00	-5.1563857258e+00	2.74e-07	5.32e-08	yes	OK
1264	30	41	-1.674018e+00	-1.6740176876e+00	3.12e-07	1.87e-07	yes	OK
1265	30	41	-5.150651e+00	-5.1506512989e+00	2.99e-07	5.80e-08	yes	OK
1266	41	41	-1.679752e+00	-1.6797521142e+00	1.14e-07	6.80e-08	yes	OK
1267	41	41	-5.156386e+00	-5.1563857258e+00	2.74e-07	5.32e-08	yes	OK
1268	41	41	-1.679752e+00	-1.6797521142e+00	1.14e-07	6.80e-08	yes	OK
1269	41	41	-5.156386e+00	-5.1563857258e+00	2.74e-07	5.32e-08	yes	OK
1270	41	41	-1.679752e+00	-1.6797521142e+00	1.14e-07	6.80e-08	yes	OK
1271	41	41	-5.156386e+00	-5.1563857258e+00	2.74e-07	5.32e-08	yes	OK
1272	41	41	-1.679752e+00	-1.6797521142e+00	1.14e-07	6.80e-08	yes	OK
1273	41	41	-5.156386e+00	-5.1563857258e+00	2.74e-07	5.32e-08	yes	OK
1274	14	41	-1.665676e+00	-1.6656756345e+00	3.65e-07	2.19e-07	yes	OK
1275	14	41	-1.665676e+00	-1.6656756345e+00	3.66e-07	2.19e-07	yes	OK
1276	41	41	-1.679752e+00	-1.6797521142e+00	1.14e-07	6.80e-08	yes	OK
1277	41	41	-5.156386e+00	-5.1563857258e+00	2.74e-07	5.32e-08	yes	OK
1278	41	41	-1.679752e+00	-1.6797521142e+00	1.14e-07	6.80e-08	yes	OK
1279	41	41	-5.156386e+00	-5.1563857258e+00	2.74e-07	5.32e-08	yes	OK
1280	41	41	-1.679752e+00	-1.6797521142e+00	1.14e-07	6.80e-08	yes	OK
1281	41	41	-5.156386e+00	-5.1563857258e+00	2.74e-07	5.32e-08	yes	OK
1282	41	41	-1.679752e+00	-1.6797521142e+00	1.14e-07	6.80e-08	yes	OK
1283	41	41	-5.156386e+00	-5.1563857258e+00	2.74e-07	5.32e-08	yes	OK
1284	41	41	-1.679752e+00	-1.6797521142e+00	1.14e-07	6.80e-08	yes	OK
1285	41	41	-5.156386e+00	-5.1563857258e+00	2.74e-07	5.32e-08	yes	OK
1286	41	41	-1.679752e+00	-1.6797521142e+00	1.14e-07	6.80e-08	yes	OK
1287	41	41	-5.156386e+00	-5.1563857258e+00	2.74e-07	5.32e-08	yes	OK
1288	41	41	-1.679752e+00	-1.6797521142e+00	1.14e-07	6.80e-08	yes	OK
1289	41	41	-5.156386e+00	-5.1563857258e+00	2.74e-07	5.32e-08	yes	OK
1290	22	41	-1.669839e+00	-1.6698388414e+00	1.59e-07	9.50e-08	yes	OK
1291	22	41	-4.874506e+00	-4.8745058759e+00	1.24e-07	2.55e-08	yes	OK
1292	41	41	-1.679752e+00	-1.6797521142e+00	1.14e-07	6.80e-08	yes	OK
1293	41	41	-5.156386e+00	-5.1563857258e+00	2.74e-07	5.32e-08	yes	OK
1294	41	41	-1.679752e+00	-1.6797521142e+00	1.14e-07	6.80e-08	yes	OK
1295	41	41	-5.156386e+00	-5.1563857258e+00	2.74e-07	5.32e-08	yes	OK
1296	41	41	-1.679752e+00	-1.6797521142e+00	1.14e-07	6.80e-08	yes	OK
1297	41	41	-5.156386e+00	-5.1563857258e+00	2.74e-07	5.32e-08	yes	OK
1298	41	41	-1.679752e+00	-1.6797521142e+00	1.14e-07	6.80e-08	yes	OK
1299	41	41	-5.156386e+00	-5.1563857258e+00	2.74e-07	5.32e-08	yes	OK
1300	41	41	-1.679752e+00	-1.6797521142e+00	1.14e-07	6.80e-08	yes	OK
1301	41	41	-5.156386e+00	-5.1563857258e+00	2.74e-07	5.32e-08	yes	OK
1302	41	41	-1.679752e+00	-1.6797521142e+00	1.14e-07	6.80e-08	yes	OK
1303	41	41	-5.156386e+00	-5.1563857258e+00	2.74e-07	5.32e-08	yes	OK
1304	41	41	-1.679752e+00	-1.6797521142e+00	1.14e-07	6.80e-08	yes	OK
1305	41	41	-5.156386e+00	-5.1563857258e+00	2.74e-07	5.32e-08	yes	OK
1306	35	41	-1.676623e+00	-1.6766234440e+00	4.44e-07	2.65e-07	yes	OK
1307	35	41	-5.153257e+00	-5.1532570556e+00	5.56e-08	1.08e-08	yes	OK
1308	34	41	-1.676058e+00	-1.6760582359e+00	2.36e-07	1.41e-07	yes	OK
1309	34	41	-5.152692e+00	-5.1526918474e+00	1.53e-07	2.96e-08	yes	OK
1310	31	41	-1.674456e+00	-1.6744560069e+00	6.95e-09	4.15e-09	yes	OK
1311	31	41	-5.151090e+00	-5.1510896185e+00	3.81e-07	7.41e-08	yes	OK
1312	31	41	-1.674456e+00	-1.6744560069e+00	6.95e-09	4.15e-09	yes	OK
1313	31	41	-5.151090e+00	-5.1510896185e+00	3.81e-07	7.41e-08	yes	OK
1314	16	41	-1.666717e+00	-1.6667172391e+00	2.39e-07	1.43e-07	yes	OK
1315	16	41	-1.666717e+00	-1.6667172430e+00	2.43e-07	1.46e-07	yes	OK
1316	15	41	-1.666192e+00	-1.6661923756e+00	3.76e-07	2.25e-07	yes	OK
1317	15	41	-1.666192e+00	-1.6661923756e+00	3.76e-07	2.25e-07	yes	OK
1318	41	41	-1.679714e+00	-1.6797138290e+00	1.71e-07	1.02e-07	yes	OK
1319	41	41	-5.156390e+00	-5.1563900014e+00	1.40e-09	2.72e-10	yes	OK
1320	41	41	-1.679714e+00	-1.6797138290e+00	1.71e-07	1.02e-07	yes	OK
1321	41	41	-5.156390e+00	-5.1563900014e+00	1.40e-09	2.72e-10	yes	OK
1322	21	41	-5.093300e+00	-5.0933003579e+00	3.58e-07	7.03e-08	yes	OK
1323	21	41	-1.669325e+00	-1.6693253183e+00	3.18e-07	1.91e-07	yes	OK
1324	41	41	-5.156390e+00	-5.1563900014e+00	1.40e-09	2.72e-10	yes	OK
1325	41	41	-1.679714e+00	-1.6797138360e+00	1.64e-07	9.76e-08	yes	OK
1326	41	41	-5.156390e+00	-5.1563900014e+00	1.40e-09	2.72e-10	yes	OK
1327	41	41	-1.679714e+00	-1.6797138360e+00	1.64e-07	9.76e-08	yes	OK
1328	20	41	-1.668765e+00	-1.6687649317e+00	6.83e-08	4.09e-08	yes	OK
1329	20	41	-1.668804e+00	-1.6688040172e+00	1.72e-08	1.03e-08	yes	OK
1330	41	41	-5.156390e+00	-5.1563900014e+00	1.40e-09	2.72e-10	yes	OK
1331	41	41	-1.679714e+00	-1.6797138360e+00	1.64e-07	9.76e-08	yes	OK
1332	41	41	-1.679714e+00	-1.6797138290e+00	1.71e-07	1.02e-07	yes	OK
1333	41	41	-5.156390e+00	-5.1563900014e+00	1.40e-09	2.72e-10	yes	OK
1334	39	41	-5.155382e+00	-5.1553820478e+00	4.78e-08	9.27e-09	yes	OK
1335	39	41	-1.678706e+00	-1.6787058824e+00	1.18e-07	7.00e-08	yes	OK
1336	41	41	-1.679714e+00	-1.6797138290e+00	1.71e-07	1.02e-07	yes	OK
1337	41	41	-5.156390e+00	-5.1563900014e+00	1.40e-09	2.72e-10	yes	OK
1338	41	41	-5.156388e+00	-5.1563884931e+00	4.93e-07	9.56e-08	yes	OK
1339	41	41	-8.633065e+00	-8.6330646656e+00	3.34e-07	3.87e-08	yes	OK
1340	41	41	-5.156390e+00	-5.1563900014e+00	1.40e-09	2.72e-10	yes	OK
1341	41	41	-1.679714e+00	-1.6797138360e+00	1.64e-07	9.76e-08	yes	OK
1342	41	41	-5.156390e+00	-5.1563900014e+00	1.40e-09	2.72e-10	yes	OK
1343	41	41	-1.679714e+00	-1.6797138360e+00	1.64e-07	9.76e-08	yes	OK
1344	41	41	-5.156390e+00	-5.1563900014e+00	1.40e-09	2.72e-10	yes	OK
1345	41	41	-1.679714e+00	-1.6797138360e+00	1.64e-07	9.76e-08	yes	OK
1346	41	41	-5.156390e+00	-5.1563900014e+00	1.40e-09	2.72e-10	yes	OK
1347	41	41	-1.679714e+00	-1.6797138360e+00	1.64e-07	9.76e-08	yes	OK
1348	41	41	-5.156390e+00	-5.1563900014e+00	1.40e-09	2.72e-10	yes	OK
1349	41	41	-1.679714e+00	-1.6797138360e+00	1.64e-07	9.76e-08	yes	OK
1350	41	41	-5.156390e+00	-5.1563900014e+00	1.40e-09	2.72e-10	yes	OK
1351	41	41	-1.679714e+00	-1.6797138360e+00	1.64e-07	9.76e-08	yes	OK
1352	38	41	-5.154787e+00	-5.1547867627e+00	2.37e-07	4.60e-08	yes	OK
1353	38	41	-1.678111e+00	-1.6781105973e+00	4.03e-07	2.40e-07	yes	OK
1354	36	41	-1.677068e+00	-1.6770677794e+00	2.21e-07	1.32e-07	yes	OK
1355	36	41	-5.153744e+00	-5.1537439518e+00	4.82e-08	9.36e-09	yes	OK
1356	32	41	-5.151658e+00	-5.1516584369e+00	4.37e-07	8.48e-08	yes	OK
1357	32	41	-1.674982e+00	-1.6749822716e+00	2.72e-07	1.62e-07	yes	OK
1358	26	41	-5.148560e+00	-5.1485602668e+00	2.67e-07	5.18e-08	yes	OK
1359	26	41	-1.671885e+00	-1.6718853227e+00	3.23e-07	1.93e-07	yes	OK
1360	23	41	-1.670329e+00	-1.6703289161e+00	8.39e-08	5.03e-08	yes	OK
1361	23	41	-5.146883e+00	-5.1468829466e+00	5.34e-08	1.04e-08	yes	OK
1362	21	41	-5.145295e+00	-5.1452954779e+00	4.78e-07	9.29e-08	yes	OK
1363	21	41	-1.669286e+00	-1.6692860586e+00	5.86e-08	3.51e-08	yes	OK
1364	20	41	-1.668761e+00	-1.6687608385e+00	1.61e-07	9.68e-08	yes	OK
1365	20	41	-1.668761e+00	-1.6687608385e+00	1.61e-07	9.68e-08	yes	OK
1366	13	41	-1.665115e+00	-1.6651150648e+00	6.48e-08	3.89e-08	yes	OK
1367	13	41	-1.665115e+00	-1.6651150647e+00	6.47e-08	3.89e-08	yes	OK
1368	15	151	-2.232288e+00	-2.2322877187e+00	2.81e-07	1.26e-07	yes	OK
1369	15	154	-2.240831e+00	-2.2408314922e+00	4.92e-07	2.20e-07	yes	OK
1370	37	151	-5.720518e+00	-5.7205175086e+00	4.91e-07	8.59e-08	yes	OK
1371	37	154	-5.729061e+00	-5.7290612821e+00	2.82e-07	4.92e-08	yes	OK
1372	99	151	-2.276388e+00	-2.2763876566e+00	3.43e-07	1.51e-07	yes	OK
1373	99	154	-8.328623e+00	-8.3286225808e+00	4.19e-07	5.03e-08	yes	OK
1374	13	151	-5.707681e+00	-5.7076805228e+00	4.77e-07	8.36e-08	yes	OK
1375	13	154	-5.716224e+00	-5.7162242963e+00	2.96e-07	5.18e-08	yes	OK
1376	76	151	-2.264353e+00	-2.2643528813e+00	1.19e-07	5.24e-08	yes	OK
1377	76	154	-2.272923e+00	-2.2729228530e+00	1.47e-07	6.47e-08	yes	OK
1378	60	151	-2.255964e+00	-2.2559644238e+00	4.24e-07	1.88e-07	yes	OK
1379	60	154	-2.264508e+00	-2.2645081973e+00	1.97e-07	8.71e-08	yes	OK
1380	127	151	-2.290971e+00	-2.2909710701e+00	7.01e-08	3.06e-08	yes	OK
1381	127	154	-8.343206e+00	-8.3432059942e+00	5.75e-09	6.89e-10	yes	OK
1382	135	151	-2.295024e+00	-2.2950235867e+00	4.13e-07	1.80e-07	yes	OK
1383	135	154	-8.347259e+00	-8.3472585108e+00	4.89e-07	5.86e-08	yes	OK
1384	66	151	-2.259085e+00	-2.2590849054e+00	9.46e-08	4.19e-08	yes	OK
1385	66	154	-2.267629e+00	-2.2676286790e+00	3.21e-07	1.42e-07	yes	OK
1386	142	151	-2.298942e+00	-2.2989421802e+00	1.80e-07	7.84e-08	yes	OK
1387	142	154	-8.351177e+00	-8.3511771044e+00	1.04e-07	1.25e-08	yes	OK
1388	41	151	-2.245941e+00	-2.2459410489e+00	4.89e-08	2.18e-08	yes	OK
1389	41	154	-2.254485e+00	-2.2544848224e+00	1.78e-07	7.88e-08	yes	OK
1390	22	151	-2.236152e+00	-2.2361521802e+00	1.80e-07	8.06e-08	yes	OK
1391	22	154	-2.244696e+00	-2.2446959537e+00	4.63e-08	2.06e-08	yes	OK
1392	49	151	-2.250185e+00	-2.2501854721e+00	4.72e-07	2.10e-07	yes	OK
1393	49	154	-2.258729e+00	-2.2587292456e+00	2.46e-07	1.09e-07	yes	OK
1394	73	151	-2.262542e+00	-2.2625424728e+00	4.73e-07	2.09e-07	yes	OK
1395	73	154	-2.271086e+00	-2.2710863208e+00	3.21e-07	1.41e-07	yes	OK
1396	114	151	-8.326366e+00	-8.3263658171e+00	1.83e-07	2.20e-08	yes	OK
1397	114	154	-2.292679e+00	-2.2926792334e+00	2.33e-07	1.02e-07	yes	OK
1398	128	151	-8.333712e+00	-8.3337116363e+00	3.64e-07	4.36e-08	yes	OK
1399	128	154	-2.300025e+00	-2.3000250526e+00	5.26e-08	2.29e-08	yes	OK
1400	148	151	-2.302031e+00	-2.3020310181e+00	1.81e-08	7.87e-09	yes	OK
1401	148	154	-8.354266e+00	-8.3542659423e+00	5.77e-08	6.91e-09	yes	OK
1402	141	151	-2.298420e+00	-2.2984199796e+00	2.04e-08	8.86e-09	yes	OK
1403	141	154	-8.350655e+00	-8.3506549038e+00	9.62e-08	1.15e-08	yes	OK
1404	17	151	-2.233506e+00	-2.2335060692e+00	6.92e-08	3.10e-08	yes	OK
1405	17	154	-2.242050e+00	-2.2420498428e+00	1.57e-07	7.01e-08	yes	OK
1406	58	151	-2.254804e+00	-2.2548044435e+00	4.44e-07	1.97e-07	yes	OK
1407	58	154	-2.263348e+00	-2.2633482170e+00	2.17e-07	9.59e-08	yes	OK
1408	29	151	-2.239797e+00	-2.2397974680e+00	4.68e-07	2.09e-07	yes	OK
1409	29	154	-2.248341e+00	-2.2483412416e+00	2.42e-07	1.07e-07	yes	OK
1410	69	151	-2.260653e+00	-2.2606525556e+00	4.44e-07	1.97e-07	yes	OK
1411	69	154	-2.269196e+00	-2.2691963292e+00	3.29e-07	1.45e-07	yes	OK
1412	147	151	-8.343709e+00	-8.3437092174e+00	2.17e-07	2.61e-08	yes	OK
1413	147	154	-2.310023e+00	-2.3100226338e+00	3.66e-07	1.59e-07	yes	OK
1414	144	151	-8.341905e+00	-8.3419054385e+00	4.38e-07	5.26e-08	yes	OK
1415	144	154	-2.308219e+00	-2.3082188549e+00	1.45e-07	6.29e-08	yes	OK
1416	136	151	-2.295623e+00	-2.2956233184e+00	3.18e-07	1.39e-07	yes	OK
1417	136	154	-8.347858e+00	-8.3478582426e+00	2.43e-07	2.91e-08	yes	OK
1418	133	151	-8.336306e+00	-8.3363061871e+00	1.87e-07	2.24e-08	yes	OK
1419	133	154	-2.302620e+00	-2.3026196035e+00	3.97e-07	1.72e-07	yes	OK
1420	128	151	-2.291374e+00	-2.2913741273e+00	1.27e-07	5.56e-08	yes	OK
1421	128	154	-8.343609e+00	-8.3436090515e+00	5.15e-08	6.17e-09	yes	OK
1422	121	151	-8.330011e+00	-8.3300105650e+00	4.35e-07	5.22e-08	yes	OK
1423	121	154	-2.296324e+00	-2.2963239814e+00	1.86e-08	8.09e-09	yes	OK
1424	116	151	-8.327439e+00	-8.3274388833e+00	1.17e-07	1.40e-08	yes	OK
1425	116	154	-2.293752e+00	-2.2937522997e+00	3.00e-07	1.31e-07	yes	OK
1426	106	151	-2.279978e+00	-2.2799777708e+00	2.29e-07	1.01e-07	yes	OK
1427	106	154	-8.332213e+00	-8.3322126949e+00	3.05e-07	3.66e-08	yes	OK
1428	103	151	-2.278410e+00	-2.2784096872e+00	3.13e-07	1.37e-07	yes	OK
1429	103	154	-8.330645e+00	-8.3306446114e+00	3.89e-07	4.67e-08	yes	OK
1430	99	151	-2.276332e+00	-2.2763320138e+00	1.38e-08	6.08e-09	yes	OK
1431	99	154	-8.328567e+00	-8.3285669380e+00	6.20e-08	7.44e-09	yes	OK
1432	95	151	-2.274204e+00	-2.2742037710e+00	2.29e-07	1.01e-07	yes	OK
1433	95	154	-8.326439e+00	-8.3264386952e+00	3.05e-07	3.66e-08	yes	OK
1434	97	151	-8.317419e+00	-8.3174193571e+00	3.57e-07	4.29e-08	yes	OK
1435	97	154	-2.283733e+00	-2.2837327735e+00	2.27e-07	9.92e-08	yes	OK
1436	80	151	-2.266176e+00	-2.2661755160e+00	4.84e-07	2.14e-07	yes	OK
1437	80	154	-8.268172e+00	-8.2681720686e+00	6.86e-08	8.29e-09	yes	OK
1438	71	151	-2.261683e+00	-2.2616826400e+00	3.60e-07	1.59e-07	yes	OK
1439	71	154	-2.270226e+00	-2.2702264136e+00	4.14e-07	1.82e-07	yes	OK
1440	65	151	-2.258555e+00	-2.2585546352e+00	3.65e-07	1.61e-07	yes	OK
1441	65	154	-2.267098e+00	-2.2670984088e+00	4.09e-07	1.80e-07	yes	OK
1442	54	151	-2.252776e+00	-2.2527762278e+00	2.28e-07	1.01e-07	yes	OK
1443	54	154	-2.261320e+00	-2.2613200014e+00	1.39e-09	6.15e-10	yes	OK
1444	53	151	-2.252297e+00	-2.2522969893e+00	1.07e-08	4.74e-09	yes	OK
1445	53	154	-2.260841e+00	-2.2608407629e+00	2.37e-07	1.05e-07	yes	OK
1446	49	151	-2.250212e+00	-2.2502123131e+00	3.13e-07	1.39e-07	yes	OK
1447	49	154	-2.258756e+00	-2.2587560866e+00	8.66e-08	3.83e-08	yes	OK
1448	49	151	-2.250212e+00	-2.2502123131e+00	3.13e-07	1.39e-07	yes	OK
1449	49	154	-2.258756e+00	-2.2587560866e+00	8.66e-08	3.83e-08	yes	OK
1450	41	151	-2.245999e+00	-2.2459985833e+00	4.17e-07	1.86e-07	yes	OK
1451	41	154	-2.254542e+00	-2.2545423569e+00	3.57e-07	1.58e-07	yes	OK
1452	35	151	-2.242874e+00	-2.2428743142e+00	3.14e-07	1.40e-07	yes	OK
1453	35	154	-2.251418e+00	-2.2514180877e+00	8.77e-08	3.90e-08	yes	OK
1454	35	151	-2.242874e+00	-2.2428743142e+00	3.14e-07	1.40e-07	yes	OK
1455	35	154	-2.251418e+00	-2.2514180877e+00	8.77e-08	3.90e-08	yes	OK
1456	33	151	-2.241870e+00	-2.2418703170e+00	3.17e-07	1.41e-07	yes	OK
1457	33	154	-2.250414e+00	-2.2504140906e+00	9.06e-08	4.02e-08	yes	OK
1458	30	151	-2.240306e+00	-2.2403057360e+00	2.64e-07	1.18e-07	yes	OK
1459	30	154	-2.248850e+00	-2.2488495095e+00	4.91e-07	2.18e-07	yes	OK
1460	16	151	-2.232872e+00	-2.2328723716e+00	3.72e-07	1.66e-07	yes	OK
1461	16	154	-2.241416e+00	-2.2414161451e+00	1.45e-07	6.48e-08	yes	OK
1462	11	151	-2.230265e+00	-2.2302651245e+00	1.24e-07	5.58e-08	yes	OK
1463	11	154	-2.238809e+00	-2.2388088980e+00	1.02e-07	4.56e-08	yes	OK
1464	41	41	-5.156357e+00	-5.1563567708e+00	2.29e-07	4.45e-08	yes	OK
1465	41	41	-1.679670e+00	-1.6796702558e+00	2.56e-07	1.52e-07	yes	OK
1466	41	41	-5.156357e+00	-5.1563567708e+00	2.29e-07	4.45e-08	yes	OK
1467	41	41	-1.679670e+00	-1.6796702558e+00	2.56e-07	1.52e-07	yes	OK
1468	41	41	-5.156357e+00	-5.1563567708e+00	2.29e-07	4.45e-08	yes	OK
1469	41	41	-1.679670e+00	-1.6796702558e+00	2.56e-07	1.52e-07	yes	OK
1470	41	41	-5.156357e+00	-5.1563567708e+00	2.29e-07	4.45e-08	yes	OK
1471	41	41	-1.679670e+00	-1.6796702558e+00	2.56e-07	1.52e-07	yes	OK
1472	41	41	-5.156357e+00	-5.1563567708e+00	2.29e-07	4.45e-08	yes	OK
1473	41	41	-1.679670e+00	-1.6796702558e+00	2.56e-07	1.52e-07	yes	OK
1474	22	41	-5.132227e+00	-5.1322273029e+00	3.03e-07	5.90e-08	yes	OK
1475	22	41	-1.669846e+00	-1.6698463672e+00	3.67e-07	2.20e-07	yes	OK
1476	41	41	-5.156357e+00	-5.1563567708e+00	2.29e-07	4.45e-08	yes	OK
1477	41	41	-1.679670e+00	-1.6796702558e+00	2.56e-07	1.52e-07	yes	OK
1478	34	41	-5.152672e+00	-5.1526720381e+00	3.81e-08	7.39e-09	yes	OK
1479	34	41	-1.675986e+00	-1.6759855231e+00	4.77e-07	2.85e-07	yes	OK
1480	41	41	-5.156357e+00	-5.1563567708e+00	2.29e-07	4.45e-08	yes	OK
1481	41	41	-1.679670e+00	-1.6796702558e+00	2.56e-07	1.52e-07	yes	OK
1482	41	41	-5.156357e+00	-5.1563567708e+00	2.29e-07	4.45e-08	yes	OK
1483	41	41	-1.679670e+00	-1.6796702558e+00	2.56e-07	1.52e-07	yes	OK
1484	41	41	-5.156357e+00	-5.1563567708e+00	2.29e-07	4.45e-08	yes	OK
1485	41	41	-1.679670e+00	-1.6796702558e+00	2.56e-07	1.52e-07	yes	OK
1486	41	41	-5.156357e+00	-5.1563567708e+00	2.29e-07	4.45e-08	yes	OK
1487	41	41	-1.679670e+00	-1.6796702558e+00	2.56e-07	1.52e-07	yes	OK
1488	41	41	-5.156357e+00	-5.1563567708e+00	2.29e-07	4.45e-08	yes	OK
1489	41	41	-1.679670e+00	-1.6796702558e+00	2.56e-07	1.52e-07	yes	OK
1490	41	41	-5.156357e+00	-5.1563567708e+00	2.29e-07	4.45e-08	yes	OK
1491	41	41	-1.679670e+00	-1.6796702558e+00	2.56e-07	1.52e-07	yes	OK
1492	41	41	-5.156357e+00	-5.1563567708e+00	2.29e-07	4.45e-08	yes	OK
1493	41	41	-1.679670e+00	-1.6796702558e+00	2.56e-07	1.52e-07	yes	OK
1494	41	41	-5.156357e+00	-5.1563567708e+00	2.29e-07	4.45e-08	yes	OK
1495	41	41	-1.679670e+00	-1.6796702558e+00	2.56e-07	1.52e-07	yes	OK
1496	41	41	-5.156357e+00	-5.1563567708e+00	2.29e-07	4.45e-08	yes	OK
1497	41	41	-1.679670e+00	-1.6796702558e+00	2.56e-07	1.52e-07	yes	OK
1498	14	41	-1.665675e+00	-1.6656753421e+00	3.42e-07	2.05e-07	yes	OK
1499	14	41	-1.665675e+00	-1.6656753421e+00	3.42e-07	2.05e-07	yes	OK
1500	41	41	-5.156357e+00	-5.1563567708e+00	2.29e-07	4.45e-08	yes	OK
1501	41	41	-1.679670e+00	-1.6796702558e+00	2.56e-07	1.52e-07	yes	OK
1502	41	41	-5.156357e+00	-5.1563567708e+00	2.29e-07	4.45e-08	yes	OK
1503	41	41	-1.679670e+00	-1.6796702558e+00	2.56e-07	1.52e-07	yes	OK
1504	37	41	-5.154272e+00	-5.1542716508e+00	3.49e-07	6.78e-08	yes	OK
1505	37	41	-1.677585e+00	-1.6775851358e+00	1.36e-07	8.09e-08	yes	OK
1506	34	41	-5.152704e+00	-5.1527035554e+00	4.45e-07	8.63e-08	yes	OK
1507	34	41	-1.676017e+00	-1.6760170404e+00	4.04e-08	2.41e-08	yes	OK
1508	30	41	-5.150582e+00	-5.1505821239e+00	1.24e-07	2.41e-08	yes	OK
1509	30	41	-1.673896e+00	-1.6738956103e+00	3.90e-07	2.33e-07	yes	OK
1510	27	41	-5.148939e+00	-5.1489387565e+00	2.43e-07	4.73e-08	yes	OK
1511	27	41	-1.672370e+00	-1.6723700573e+00	5.73e-08	3.42e-08	yes	OK
1512	20	41	-1.668722e+00	-1.6687217014e+00	2.99e-07	1.79e-07	yes	OK
1513	20	41	-1.668722e+00	-1.6687217001e+00	3.00e-07	1.80e-07	yes	OK
1514	17	41	-1.667040e+00	-1.6670402265e+00	2.27e-07	1.36e-07	yes	OK
1515	17	41	-1.667040e+00	-1.6670402657e+00	2.66e-07	1.59e-07	yes	OK
1516	14	41	-1.665593e+00	-1.6655934453e+00	4.45e-07	2.67e-07	yes	OK
1517	14	41	-1.665593e+00	-1.6655934453e+00	4.45e-07	2.67e-07	yes	OK
1518	10	41	-1.663469e+00	-1.6634687421e+00	2.58e-07	1.55e-07	yes	OK
1519	10	41	-1.663469e+00	-1.6634687420e+00	2.58e-07	1.55e-07	yes	OK
1520	41	151	-2.245941e+00	-2.2459412778e+00	2.78e-07	1.24e-07	yes	OK
1521	41	153	-2.251656e+00	-2.2516557613e+00	2.39e-07	1.06e-07	yes	OK
1522	49	151	-2.250065e+00	-2.2500653726e+00	3.73e-07	1.66e-07	yes	OK
1523	49	153	-2.255780e+00	-2.2557798561e+00	1.44e-07	6.38e-08	yes	OK
1524	69	151	-2.260419e+00	-2.2604186168e+00	3.83e-07	1.70e-07	yes	OK
1525	69	153	-2.266133e+00	-2.2661331003e+00	1.00e-07	4.43e-08	yes	OK
1526	42	151	-2.246467e+00	-2.2464666159e+00	3.84e-07	1.71e-07	yes	OK
1527	42	153	-2.252181e+00	-2.2521810994e+00	9.94e-08	4.42e-08	yes	OK
1528	148	151	-7.345828e+00	-7.3458275923e+00	4.08e-07	5.55e-08	yes	OK
1529	148	153	-2.307498e+00	-2.3074978242e+00	1.76e-07	7.62e-08	yes	OK
1530	128	151	-7.335435e+00	-7.3354353133e+00	3.13e-07	4.27e-08	yes	OK
1531	128	153	-2.297106e+00	-2.2971055452e+00	4.55e-07	1.98e-07	yes	OK
1532	89	151	-7.315105e+00	-7.3151054961e+00	4.96e-07	6.78e-08	yes	OK
1533	89	153	-2.276776e+00	-2.2767757280e+00	2.72e-07	1.19e-07	yes	OK
1534	85	151	-7.313020e+00	-7.3130198867e+00	1.13e-07	1.55e-08	yes	OK
1535	85	153	-2.274690e+00	-2.2746902198e+00	2.20e-07	9.66e-08	yes	OK
1536	113	151	-7.327618e+00	-7.3276181353e+00	1.35e-07	1.85e-08	yes	OK
1537	113	153	-2.289288e+00	-2.2892883672e+00	3.67e-07	1.60e-07	yes	OK
1538	134	151	-7.338524e+00	-7.3385244538e+00	4.54e-07	6.18e-08	yes	OK
1539	134	153	-2.300195e+00	-2.3001946857e+00	3.14e-07	1.37e-07	yes	OK
1540	70	151	-2.260866e+00	-2.2608657179e+00	2.82e-07	1.25e-07	yes	OK
1541	70	153	-2.266580e+00	-2.2665802014e+00	2.01e-07	8.89e-08	yes	OK
1542	137	151	-7.340132e+00	-7.3401316518e+00	3.48e-07	4.74e-08	yes	OK
1543	137	153	-2.301802e+00	-2.3018018837e+00	1.16e-07	5.05e-08	yes	OK
1544	150	151	-5.779541e+00	-5.7795408890e+00	1.11e-07	1.92e-08	yes	OK
1545	150	153	-1.083034e+01	-1.0830342376e+01	2.38e-06	2.19e-07	yes	OK
1546	34	151	-2.242256e+00	-2.2422564897e+00	4.90e-07	2.18e-07	yes	OK
1547	34	153	-2.247971e+00	-2.2479709732e+00	2.68e-08	1.19e-08	yes	OK
1548	129	151	-2.291877e+00	-2.2918773041e+00	3.04e-07	1.33e-07	yes	OK
1549	129	153	-7.342679e+00	-7.3426787907e+00	2.09e-07	2.85e-08	yes	OK
1550	96	151	-2.274711e+00	-2.2747108789e+00	1.21e-07	5.32e-08	yes	OK
1551	96	153	-7.325512e+00	-7.3255123655e+00	3.66e-07	4.99e-08	yes	OK
1552	32	151	-2.241213e+00	-2.2412133739e+00	3.74e-07	1.67e-07	yes	OK
1553	32	153	-2.246928e+00	-2.2469278574e+00	1.43e-07	6.35e-08	yes	OK
1554	69	151	-2.260419e+00	-2.2604186168e+00	3.83e-07	1.70e-07	yes	OK
1555	69	153	-2.266133e+00	-2.2661331003e+00	1.00e-07	4.43e-08	yes	OK
1556	28	151	-2.239167e+00	-2.2391673337e+00	3.34e-07	1.49e-07	yes	OK
1557	28	153	-2.244882e+00	-2.2448818173e+00	1.83e-07	8.14e-08	yes	OK
1558	41	151	-2.245941e+00	-2.2459412778e+00	2.78e-07	1.24e-07	yes	OK
1559	41	153	-2.251656e+00	-2.2516557613e+00	2.39e-07	1.06e-07	yes	OK
1560	59	151	-2.255330e+00	-2.2553299830e+00	1.70e-08	7.53e-09	yes	OK
1561	59	153	-2.261044e+00	-2.2610444665e+00	4.67e-07	2.06e-07	yes	OK
1562	97	151	-2.275189e+00	-2.2751889143e+00	8.57e-08	3.77e-08	yes	OK
1563	97	153	-7.325990e+00	-7.3259904009e+00	4.01e-07	5.47e-08	yes	OK
1564	81	151	-5.743525e+00	-5.7435247816e+00	2.18e-07	3.80e-08	yes	OK
1565	81	153	-1.079378e+01	-1.0793784407e+01	4.41e-06	4.08e-07	yes	OK
1566	38	151	-2.244342e+00	-2.2443419933e+00	6.69e-09	2.98e-09	yes	OK
1567	38	153	-2.250056e+00	-2.2500564768e+00	4.77e-07	2.12e-07	yes	OK
1568	94	151	-2.273629e+00	-2.2736286270e+00	3.73e-07	1.64e-07	yes	OK
1569	94	153	-7.324430e+00	-7.3244301137e+00	1.14e-07	1.55e-08	yes	OK
1570	146	151	-7.344781e+00	-7.3447809405e+00	5.95e-08	8.10e-09	yes	OK
1571	146	153	-2.306451e+00	-2.3064511724e+00	1.72e-07	7.48e-08	yes	OK
1572	139	151	-7.341174e+00	-7.3411743889e+00	3.89e-07	5.30e-08	yes	OK
1573	139	153	-2.302845e+00	-2.3028446208e+00	3.79e-07	1.65e-07	yes	OK
1574	135	151	-2.295041e+00	-2.2950407409e+00	2.59e-07	1.13e-07	yes	OK
1575	135	153	-7.345842e+00	-7.3458422275e+00	2.28e-07	3.10e-08	yes	OK
1576	131	151	-7.337003e+00	-7.3370033595e+00	3.60e-07	4.90e-08	yes	OK
1577	131	153	-2.298674e+00	-2.2986735915e+00	4.09e-07	1.78e-07	yes	OK
1578	127	151	-7.334918e+00	-7.3349178270e+00	1.73e-07	2.36e-08	yes	OK
1579	127	153	-2.296588e+00	-2.2965880589e+00	5.89e-08	2.57e-08	yes	OK
1580	121	151	-5.764411e+00	-5.7644107224e+00	2.78e-07	4.82e-08	yes	OK
1581	121	153	-1.081431e+01	-1.0814313456e+01	3.46e-06	3.20e-07	yes	OK
1582	115	151	-7.328622e+00	-7.3286222888e+00	2.89e-07	3.94e-08	yes	OK
1583	115	153	-2.290293e+00	-2.2902925207e+00	4.79e-07	2.09e-07	yes	OK
1584	113	151	-2.283535e+00	-2.2835352857e+00	2.86e-07	1.25e-07	yes	OK
1585	113	153	-7.334337e+00	-7.3343367723e+00	2.28e-07	3.10e-08	yes	OK
1586	111	151	-2.282528e+00	-2.2825276538e+00	3.46e-07	1.52e-07	yes	OK
1587	111	153	-7.333329e+00	-7.3333291404e+00	1.40e-07	1.91e-08	yes	OK
1588	108	151	-7.325003e+00	-7.3250031006e+00	1.01e-07	1.37e-08	yes	OK
1589	108	153	-2.286673e+00	-2.2866733325e+00	3.32e-07	1.45e-07	yes	OK
1590	106	151	-7.323961e+00	-7.3239611263e+00	1.26e-07	1.72e-08	yes	OK
1591	106	153	-2.285631e+00	-2.2856313582e+00	3.58e-07	1.57e-07	yes	OK
1592	104	151	-7.322887e+00	-7.3228866768e+00	3.23e-07	4.41e-08	yes	OK
1593	104	153	-2.284557e+00	-2.2845569087e+00	9.13e-08	4.00e-08	yes	OK
1594	84	151	-2.268261e+00	-2.2682608911e+00	1.09e-07	4.80e-08	yes	OK
1595	84	153	-7.319062e+00	-7.3190623708e+00	3.71e-07	5.07e-08	yes	OK
1596	82	151	-7.311272e+00	-7.3112719763e+00	2.37e-08	3.24e-09	yes	OK
1597	82	153	-2.273032e+00	-2.2730322731e+00	2.73e-07	1.20e-07	yes	OK
1598	75	151	-2.263672e+00	-2.2636720576e+00	5.76e-08	2.54e-08	yes	OK
1599	75	153	-2.269387e+00	-2.2693865798e+00	4.20e-07	1.85e-07	yes	OK
1600	66	151	-5.735662e+00	-5.7356618406e+00	1.59e-07	2.78e-08	yes	OK
1601	66	153	-5.741376e+00	-5.7413763242e+00	3.24e-07	5.65e-08	yes	OK
1602	62	151	-2.256894e+00	-2.2568941428e+00	1.43e-07	6.33e-08	yes	OK
1603	62	153	-2.262609e+00	-2.2626086263e+00	3.74e-07	1.65e-07	yes	OK
1604	61	151	-2.256369e+00	-2.2563688152e+00	1.85e-07	8.19e-08	yes	OK
1605	61	153	-2.262083e+00	-2.2620832987e+00	2.99e-07	1.32e-07	yes	OK
1606	59	151	-2.255326e+00	-2.2553261305e+00	1.31e-07	5.79e-08	yes	OK
1607	59	153	-2.261041e+00	-2.2610406141e+00	3.86e-07	1.71e-07	yes	OK
1608	59	151	-5.732002e+00	-5.7320020846e+00	8.46e-08	1.48e-08	yes	OK
1609	59	153	-5.737717e+00	-5.7377165681e+00	4.32e-07	7.53e-08	yes	OK
1610	54	151	-2.252684e+00	-2.2526836484e+00	3.52e-07	1.56e-07	yes	OK
1611	54	153	-2.258398e+00	-2.2583981319e+00	1.32e-07	5.84e-08	yes	OK
1612	50	151	-2.250630e+00	-2.2506298063e+00	1.94e-07	8.61e-08	yes	OK
1613	50	153	-2.256344e+00	-2.2563442898e+00	2.90e-07	1.28e-07	yes	OK
1614	49	151	-2.250073e+00	-2.2500732081e+00	2.08e-07	9.25e-08	yes	OK
1615	49	153	-2.255788e+00	-2.2557876916e+00	3.08e-07	1.37e-07	yes	OK
1616	46	151	-2.248552e+00	-2.2485520644e+00	6.44e-08	2.87e-08	yes	OK
1617	46	153	-2.254267e+00	-2.2542665480e+00	4.52e-07	2.01e-07	yes	OK
1618	44	151	-2.247470e+00	-2.2474701923e+00	1.92e-07	8.56e-08	yes	OK
1619	44	153	-2.253185e+00	-2.2531846758e+00	3.24e-07	1.44e-07	yes	OK
1620	29	151	-2.239650e+00	-2.2396495837e+00	4.16e-07	1.86e-07	yes	OK
1621	29	153	-2.245364e+00	-2.2453640672e+00	6.72e-08	2.99e-08	yes	OK
1622	29	151	-2.239650e+00	-2.2396495837e+00	4.16e-07	1.86e-07	yes	OK
1623	29	153	-2.245364e+00	-2.2453640672e+00	6.72e-08	2.99e-08	yes	OK
1624	26	151	-2.238121e+00	-2.2381206411e+00	3.59e-07	1.60e-07	yes	OK
1625	26	153	-2.243835e+00	-2.2438351246e+00	1.25e-07	5.55e-08	yes	OK
1626	18	151	-2.233949e+00	-2.2339492387e+00	2.39e-07	1.07e-07	yes	OK
1627	18	153	-2.239664e+00	-2.2396637222e+00	2.78e-07	1.24e-07	yes	OK
1628	41	41	-1.679714e+00	-1.6797138195e+00	1.80e-07	1.07e-07	yes	OK
1629	41	41	-5.156400e+00	-5.1564004390e+00	4.39e-07	8.51e-08	yes	OK
1630	15	41	-1.666158e+00	-1.6661575579e+00	4.42e-07	2.65e-07	yes	OK
1631	15	41	-1.666158e+00	-1.6661575571e+00	4.43e-07	2.66e-07	yes	OK
1632	41	41	-1.679714e+00	-1.6797138195e+00	1.80e-07	1.07e-07	yes	OK
1633	41	41	-5.156400e+00	-5.1564004390e+00	4.39e-07	8.51e-08	yes	OK
1634	41	41	-1.679714e+00	-1.6797138195e+00	1.80e-07	1.07e-07	yes	OK
1635	41	41	-5.156400e+00	-5.1564004390e+00	4.39e-07	8.51e-08	yes	OK
1636	22	41	-1.669847e+00	-1.6698467163e+00	2.84e-07	1.70e-07	yes	OK
1637	22	41	-5.132225e+00	-5.1322248440e+00	1.56e-07	3.04e-08	yes	OK
1638	41	41	-1.679714e+00	-1.6797138195e+00	1.80e-07	1.07e-07	yes	OK
1639	41	41	-5.156400e+00	-5.1564004390e+00	4.39e-07	8.51e-08	yes	OK
1640	41	41	-1.679714e+00	-1.6797138195e+00	1.80e-07	1.07e-07	yes	OK
1641	41	41	-5.156400e+00	-5.1564004390e+00	4.39e-07	8.51e-08	yes	OK
1642	27	41	-5.149136e+00	-5.1491355406e+00	4.59e-07	8.92e-08	yes	OK
1643	27	41	-1.672449e+00	-1.6724491861e+00	1.86e-07	1.11e-07	yes	OK
1644	41	41	-5.156400e+00	-5.1564004390e+00	4.39e-07	8.51e-08	yes	OK
1645	41	41	-1.679714e+00	-1.6797138195e+00	1.81e-07	1.07e-07	yes	OK
1646	41	41	-5.156400e+00	-5.1564004390e+00	4.39e-07	8.51e-08	yes	OK
1647	41	41	-1.679714e+00	-1.6797138195e+00	1.81e-07	1.07e-07	yes	OK
1648	41	41	-5.156400e+00	-5.1564004390e+00	4.39e-07	8.51e-08	yes	OK
1649	41	41	-1.679714e+00	-1.6797138195e+00	1.81e-07	1.07e-07	yes	OK
1650	41	41	-5.156400e+00	-5.1564004390e+00	4.39e-07	8.51e-08	yes	OK
1651	41	41	-1.679714e+00	-1.6797138195e+00	1.81e-07	1.07e-07	yes	OK
1652	41	41	-1.679714e+00	-1.6797138195e+00	1.80e-07	1.07e-07	yes	OK
1653	41	41	-5.156400e+00	-5.1564004390e+00	4.39e-07	8.51e-08	yes	OK
1654	41	41	-1.679714e+00	-1.6797138195e+00	1.80e-07	1.07e-07	yes	OK
1655	41	41	-5.156400e+00	-5.1564004390e+00	4.39e-07	8.51e-08	yes	OK
1656	27	41	-1.672449e+00	-1.6724492648e+00	2.65e-07	1.58e-07	yes	OK
1657	27	41	-5.148900e+00	-5.1489000590e+00	5.90e-08	1.15e-08	yes	OK
1658	14	41	-1.665672e+00	-1.6656718201e+00	1.80e-07	1.08e-07	yes	OK
1659	14	41	-1.665672e+00	-1.6656718201e+00	1.80e-07	1.08e-07	yes	OK
1660	41	41	-1.679714e+00	-1.6797138195e+00	1.80e-07	1.07e-07	yes	OK
1661	41	41	-5.156400e+00	-5.1564004390e+00	4.39e-07	8.51e-08	yes	OK
1662	41	41	-1.679714e+00	-1.6797138195e+00	1.80e-07	1.07e-07	yes	OK
1663	41	41	-5.156400e+00	-5.1564004390e+00	4.39e-07	8.51e-08	yes	OK
1664	41	41	-1.679714e+00	-1.6797138195e+00	1.80e-07	1.07e-07	yes	OK
1665	41	41	-5.156400e+00	-5.1564004390e+00	4.39e-07	8.51e-08	yes	OK
1666	41	41	-1.679714e+00	-1.6797138195e+00	1.80e-07	1.07e-07	yes	OK
1667	41	41	-5.156400e+00	-5.1564004390e+00	4.39e-07	8.51e-08	yes	OK
1668	41	41	-1.679714e+00	-1.6797138195e+00	1.80e-07	1.07e-07	yes	OK
1669	41	41	-5.156400e+00	-5.1564004390e+00	4.39e-07	8.51e-08	yes	OK
1670	41	41	-1.679714e+00	-1.6797138195e+00	1.80e-07	1.07e-07	yes	OK
1671	41	41	-5.156400e+00	-5.1564004390e+00	4.39e-07	8.51e-08	yes	OK
1672	41	41	-1.679714e+00	-1.6797138195e+00	1.80e-07	1.07e-07	yes	OK
1673	41	41	-5.156400e+00	-5.1564004390e+00	4.39e-07	8.51e-08	yes	OK
1674	16	41	-1.666675e+00	-1.6666746483e+00	3.52e-07	2.11e-07	yes	OK
1675	16	41	-1.666675e+00	-1.6666746444e+00	3.56e-07	2.13e-07	yes	OK
1676	33	41	-5.152229e+00	-5.1522289667e+00	3.33e-08	6.46e-09	yes	OK
1677	33	41	-1.675542e+00	-1.6755423471e+00	3.47e-07	2.07e-07	yes	OK
1678	41	41	-5.156400e+00	-5.1564004390e+00	4.39e-07	8.51e-08	yes	OK
1679	41	41	-1.679714e+00	-1.6797138195e+00	1.81e-07	1.07e-07	yes	OK
1680	16	41	-1.666675e+00	-1.6666746483e+00	3.52e-07	2.11e-07	yes	OK
1681	16	41	-1.666675e+00	-1.6666746444e+00	3.56e-07	2.13e-07	yes	OK
1682	41	41	-5.156400e+00	-5.1564004390e+00	4.39e-07	8.51e-08	yes	OK
1683	41	41	-1.679714e+00	-1.6797138195e+00	1.81e-07	1.07e-07	yes	OK
1684	41	41	-5.156400e+00	-5.1564004390e+00	4.39e-07	8.51e-08	yes	OK
1685	41	41	-1.679714e+00	-1.6797138195e+00	1.81e-07	1.07e-07	yes	OK
1686	41	41	-5.156400e+00	-5.1564004390e+00	4.39e-07	8.51e-08	yes	OK
1687	41	41	-1.679714e+00	-1.6797138195e+00	1.81e-07	1.07e-07	yes	OK
1688	41	41	-5.156400e+00	-5.1564004390e+00	4.39e-07	8.51e-08	yes	OK
1689	41	41	-1.679714e+00	-1.6797138195e+00	1.81e-07	1.07e-07	yes	OK
1690	41	41	-5.156400e+00	-5.1564004390e+00	4.39e-07	8.51e-08	yes	OK
1691	41	41	-1.679714e+00	-1.6797138195e+00	1.81e-07	1.07e-07	yes	OK
1692	41	41	-5.156400e+00	-5.1564004390e+00	4.39e-07	8.51e-08	yes	OK
1693	41	41	-1.679714e+00	-1.6797138195e+00	1.81e-07	1.07e-07	yes	OK
1694	41	41	-5.156400e+00	-5.1564004390e+00	4.39e-07	8.51e-08	yes	OK
1695	41	41	-1.679714e+00	-1.6797138195e+00	1.81e-07	1.07e-07	yes	OK
1696	30	41	-5.150661e+00	-5.1506613564e+00	3.56e-07	6.92e-08	yes	OK
1697	30	41	-1.673975e+00	-1.6739747368e+00	2.63e-07	1.57e-07	yes	OK
1698	22	41	-1.669807e+00	-1.6698072030e+00	2.03e-07	1.22e-07	yes	OK
1699	22	41	-5.145158e+00	-5.1451579287e+00	7.13e-08	1.39e-08	yes	OK
1700	21	41	-1.669286e+00	-1.6692862561e+00	2.56e-07	1.53e-07	yes	OK
1701	21	41	-5.145886e+00	-5.1458858555e+00	1.45e-07	2.81e-08	yes	OK
1702	20	41	-1.668765e+00	-1.6687647811e+00	2.19e-07	1.31e-07	yes	OK
1703	20	41	-1.668765e+00	-1.6687647811e+00	2.19e-07	1.31e-07	yes	OK
1704	19	41	-1.668204e+00	-1.6682039209e+00	7.91e-08	4.74e-08	yes	OK
1705	19	41	-1.668204e+00	-1.6682039208e+00	7.92e-08	4.75e-08	yes	OK
1706	14	41	-1.665637e+00	-1.6656366063e+00	3.94e-07	2.36e-07	yes	OK
1707	14	41	-1.665637e+00	-1.6656366063e+00	3.94e-07	2.36e-07	yes	OK
1708	10	41	-1.663511e+00	-1.6635114961e+00	4.96e-07	2.98e-07	yes	OK
1709	10	41	-1.663511e+00	-1.6635114961e+00	4.96e-07	2.98e-07	yes	OK
1710	41	41	-5.156421e+00	-5.1564210915e+00	9.15e-08	1.77e-08	yes	OK
1711	41	41	-1.679745e+00	-1.6797451321e+00	1.32e-07	7.87e-08	yes	OK
1712	40	41	-5.155900e+00	-5.1558996907e+00	3.09e-07	6.00e-08	yes	OK
1713	40	41	-1.679224e+00	-1.6792237313e+00	2.69e-07	1.60e-07	yes	OK
1714	41	41	-5.156421e+00	-5.1564210915e+00	9.15e-08	1.77e-08	yes	OK
1715	41	41	-1.679745e+00	-1.6797451321e+00	1.32e-07	7.87e-08	yes	OK
1716	41	41	-5.156421e+00	-5.1564210915e+00	9.15e-08	1.77e-08	yes	OK
1717	41	41	-1.679745e+00	-1.6797451321e+00	1.32e-07	7.87e-08	yes	OK
1718	41	41	-5.156421e+00	-5.1564210915e+00	9.15e-08	1.77e-08	yes	OK
1719	41	41	-1.679745e+00	-1.6797451321e+00	1.32e-07	7.87e-08	yes	OK
1720	41	41	-5.156421e+00	-5.1564210915e+00	9.15e-08	1.77e-08	yes	OK
1721	41	41	-1.679745e+00	-1.6797451321e+00	1.32e-07	7.87e-08	yes	OK
1722	41	41	-5.156421e+00	-5.1564210915e+00	9.15e-08	1.77e-08	yes	OK
1723	41	41	-1.679745e+00	-1.6797451321e+00	1.32e-07	7.87e-08	yes	OK
1724	41	41	-5.156421e+00	-5.1564210915e+00	9.15e-08	1.77e-08	yes	OK
1725	41	41	-1.679745e+00	-1.6797451321e+00	1.32e-07	7.87e-08	yes	OK
1726	41	41	-5.156421e+00	-5.1564210915e+00	9.15e-08	1.77e-08	yes	OK
1727	41	41	-1.679745e+00	-1.6797451321e+00	1.32e-07	7.87e-08	yes	OK
1728	34	41	-5.152767e+00	-5.1527674227e+00	4.23e-07	8.20e-08	yes	OK
1729	34	41	-1.676091e+00	-1.6760914633e+00	4.63e-07	2.76e-07	yes	OK
1730	41	41	-5.156421e+00	-5.1564210915e+00	9.15e-08	1.77e-08	yes	OK
1731	41	41	-1.679745e+00	-1.6797451321e+00	1.32e-07	7.87e-08	yes	OK
1732	24	41	-5.147404e+00	-5.1474039599e+00	4.01e-08	7.79e-09	yes	OK
1733	24	41	-1.670877e+00	-1.6708773337e+00	3.34e-07	2.00e-07	yes	OK
1734	41	41	-5.156421e+00	-5.1564210915e+00	9.15e-08	1.77e-08	yes	OK
1735	41	41	-1.679745e+00	-1.6797451321e+00	1.32e-07	7.87e-08	yes	OK
1736	41	41	-5.156421e+00	-5.1564210915e+00	9.15e-08	1.77e-08	yes	OK
1737	41	41	-1.679745e+00	-1.6797451321e+00	1.32e-07	7.87e-08	yes	OK
1738	41	41	-5.156421e+00	-5.1564210915e+00	9.15e-08	1.77e-08	yes	OK
1739	41	41	-1.679745e+00	-1.6797451321e+00	1.32e-07	7.87e-08	yes	OK
1740	41	41	-5.156421e+00	-5.1564210915e+00	9.15e-08	1.77e-08	yes	OK
1741	41	41	-1.679745e+00	-1.6797451321e+00	1.32e-07	7.87e-08	yes	OK
1742	41	41	-5.156421e+00	-5.1564210915e+00	9.15e-08	1.77e-08	yes	OK
1743	41	41	-1.679745e+00	-1.6797451321e+00	1.32e-07	7.87e-08	yes	OK
1744	41	41	-5.156421e+00	-5.1564210915e+00	9.15e-08	1.77e-08	yes	OK
1745	41	41	-1.679745e+00	-1.6797451321e+00	1.32e-07	7.87e-08	yes	OK
1746	26	41	-5.148548e+00	-5.1485478373e+00	1.63e-07	3.16e-08	yes	OK
1747	26	41	-1.671885e+00	-1.6718852427e+00	2.43e-07	1.45e-07	yes	OK
1748	41	41	-5.156421e+00	-5.1564210915e+00	9.15e-08	1.77e-08	yes	OK
1749	41	41	-1.679745e+00	-1.6797451321e+00	1.32e-07	7.87e-08	yes	OK
1750	41	41	-5.156421e+00	-5.1564210915e+00	9.15e-08	1.77e-08	yes	OK
1751	41	41	-1.679745e+00	-1.6797451321e+00	1.32e-07	7.87e-08	yes	OK
1752	38	41	-5.154818e+00	-5.1548177992e+00	2.01e-07	3.89e-08	yes	OK
1753	38	41	-1.678142e+00	-1.6781418399e+00	1.60e-07	9.54e-08	yes	OK
1754	41	41	-5.156421e+00	-5.1564210915e+00	9.15e-08	1.77e-08	yes	OK
1755	41	41	-1.679745e+00	-1.6797451321e+00	1.32e-07	7.87e-08	yes	OK
1756	41	41	-5.156421e+00	-5.1564210915e+00	9.15e-08	1.77e-08	yes	OK
1757	41	41	-1.679745e+00	-1.6797451321e+00	1.32e-07	7.87e-08	yes	OK
1758	41	41	-5.156421e+00	-5.1564210915e+00	9.15e-08	1.77e-08	yes	OK
1759	41	41	-1.679745e+00	-1.6797451321e+00	1.32e-07	7.87e-08	yes	OK
1760	19	41	-1.668267e+00	-1.6682669600e+00	4.00e-08	2.40e-08	yes	OK
1761	19	41	-1.668275e+00	-1.6682747802e+00	2.20e-07	1.32e-07	yes	OK
1762	41	41	-8.618806e+00	-8.6188057547e+00	2.45e-07	2.85e-08	yes	OK
1763	41	41	-5.142130e+00	-5.1421297953e+00	2.05e-07	3.98e-08	yes	OK
1764	41	41	-5.156421e+00	-5.1564210915e+00	9.15e-08	1.77e-08	yes	OK
1765	41	41	-1.679745e+00	-1.6797451321e+00	1.32e-07	7.87e-08	yes	OK
1766	41	41	-8.570365e+00	-8.5703653849e+00	3.85e-07	4.49e-08	yes	OK
1767	41	41	-5.093689e+00	-5.0936894256e+00	4.26e-07	8.35e-08	yes	OK
1768	41	41	-5.156421e+00	-5.1564210915e+00	9.15e-08	1.77e-08	yes	OK
1769	41	41	-1.679745e+00	-1.6797451321e+00	1.32e-07	7.87e-08	yes	OK
1770	41	41	-5.156421e+00	-5.1564210915e+00	9.15e-08	1.77e-08	yes	OK
1771	41	41	-1.679745e+00	-1.6797451321e+00	1.32e-07	7.87e-08	yes	OK
1772	32	41	-5.151736e+00	-5.1517361019e+00	1.02e-07	1.98e-08	yes	OK
1773	32	41	-1.675060e+00	-1.6750601426e+00	1.43e-07	8.51e-08	yes	OK
1774	28	41	-5.149643e+00	-5.1496428955e+00	1.04e-07	2.03e-08	yes	OK
1775	28	41	-1.672967e+00	-1.6729671834e+00	1.83e-07	1.10e-07	yes	OK
1776	27	41	-5.149086e+00	-5.1490864149e+00	4.15e-07	8.06e-08	yes	OK
1777	27	41	-1.672411e+00	-1.6724105752e+00	4.25e-07	2.54e-07	yes	OK
1778	19	41	-1.668279e+00	-1.6682787163e+00	2.84e-07	1.70e-07	yes	OK
1779	19	41	-1.668279e+00	-1.6682787162e+00	2.84e-07	1.70e-07	yes	OK
1780	13	41	-1.665154e+00	-1.6651537798e+00	2.20e-07	1.32e-07	yes	OK
1781	13	41	-1.665154e+00	-1.6651537798e+00	2.20e-07	1.32e-07	yes	OK
1782	12	41	-1.664632e+00	-1.6646324806e+00	4.81e-07	2.89e-07	yes	OK
1783	12	41	-1.664632e+00	-1.6646324806e+00	4.81e-07	2.89e-07	yes	OK
1784	39	41	-1.678706e+00	-1.6787062667e+00	2.67e-07	1.59e-07	yes	OK
1785	39	41	-5.155393e+00	-5.1553928805e+00	1.20e-07	2.32e-08	yes	OK
1786	41	41	-1.679749e+00	-1.6797490363e+00	3.63e-08	2.16e-08	yes	OK
1787	41	41	-5.156436e+00	-5.1564356500e+00	3.50e-07	6.79e-08	yes	OK
1788	41	41	-5.156436e+00	-5.1564356500e+00	3.50e-07	6.79e-08	yes	OK
1789	41	41	-1.679749e+00	-1.6797490364e+00	3.64e-08	2.17e-08	yes	OK
1790	41	41	-1.679749e+00	-1.6797490363e+00	3.63e-08	2.16e-08	yes	OK
1791	41	41	-5.156436e+00	-5.1564356500e+00	3.50e-07	6.79e-08	yes	OK
1792	40	41	-1.679232e+00	-1.6792315618e+00	4.38e-07	2.61e-07	yes	OK
1793	40	41	-5.155918e+00	-5.1559181755e+00	1.76e-07	3.40e-08	yes	OK
1794	41	41	-5.156436e+00	-5.1564356500e+00	3.50e-07	6.79e-08	yes	OK
1795	41	41	-1.679749e+00	-1.6797490364e+00	3.64e-08	2.17e-08	yes	OK
1796	19	41	-1.668240e+00	-1.6682395976e+00	4.02e-07	2.41e-07	yes	OK
1797	19	41	-1.668240e+00	-1.6682395979e+00	4.02e-07	2.41e-07	yes	OK
1798	41	41	-5.156436e+00	-5.1564356500e+00	3.50e-07	6.79e-08	yes	OK
1799	41	41	-1.679749e+00	-1.6797490364e+00	3.64e-08	2.17e-08	yes	OK
1800	41	41	-1.679749e+00	-1.6797490363e+00	3.63e-08	2.16e-08	yes	OK
1801	41	41	-5.156436e+00	-5.1564356500e+00	3.50e-07	6.79e-08	yes	OK
1802	41	41	-5.156436e+00	-5.1564356500e+00	3.50e-07	6.79e-08	yes	OK
1803	41	41	-1.679749e+00	-1.6797490364e+00	3.64e-08	2.17e-08	yes	OK
1804	41	41	-5.156436e+00	-5.1564356500e+00	3.50e-07	6.79e-08	yes	OK
1805	41	41	-1.679749e+00	-1.6797490364e+00	3.64e-08	2.17e-08	yes	OK
1806	41	41	-5.156436e+00	-5.1564356500e+00	3.50e-07	6.79e-08	yes	OK
1807	41	41	-1.679749e+00	-1.6797490364e+00	3.64e-08	2.17e-08	yes	OK
1808	23	41	-5.134030e+00	-5.1340304155e+00	4.16e-07	8.09e-08	yes	OK
1809	23	41	-1.670368e+00	-1.6703681041e+00	1.04e-07	6.23e-08	yes	OK
1810	41	41	-1.679749e+00	-1.6797490363e+00	3.63e-08	2.16e-08	yes	OK
1811	41	41	-5.156436e+00	-5.1564356500e+00	3.50e-07	6.79e-08	yes	OK
1812	41	41	-1.679749e+00	-1.6797490363e+00	3.63e-08	2.16e-08	yes	OK
1813	41	41	-5.156436e+00	-5.1564356500e+00	3.50e-07	6.79e-08	yes	OK
1814	41	41	-1.679749e+00	-1.6797490363e+00	3.63e-08	2.16e-08	yes	OK
1815	41	41	-5.156436e+00	-5.1564356500e+00	3.50e-07	6.79e-08	yes	OK
1816	41	41	-5.156436e+00	-5.1564356500e+00	3.50e-07	6.79e-08	yes	OK
1817	41	41	-1.679749e+00	-1.6797490364e+00	3.64e-08	2.17e-08	yes	OK
1818	41	41	-1.679749e+00	-1.6797490363e+00	3.63e-08	2.16e-08	yes	OK
1819	41	41	-5.156436e+00	-5.1564356500e+00	3.50e-07	6.79e-08	yes	OK
1820	24	41	-1.670889e+00	-1.6708894387e+00	4.39e-07	2.63e-07	yes	OK
1821	24	41	-5.147289e+00	-5.1472889070e+00	9.30e-08	1.81e-08	yes	OK
1822	41	41	-1.679749e+00	-1.6797490363e+00	3.63e-08	2.16e-08	yes	OK
1823	41	41	-5.156436e+00	-5.1564356500e+00	3.50e-07	6.79e-08	yes	OK
1824	41	41	-5.156436e+00	-5.1564356500e+00	3.50e-07	6.79e-08	yes	OK
1825	41	41	-1.679749e+00	-1.6797490364e+00	3.64e-08	2.17e-08	yes	OK
1826	41	41	-5.156413e+00	-5.1564130462e+00	4.62e-08	8.96e-09	yes	OK
1827	41	41	-8.633100e+00	-8.6330996599e+00	3.40e-07	3.94e-08	yes	OK
1828	41	41	-1.679749e+00	-1.6797490363e+00	3.63e-08	2.16e-08	yes	OK
1829	41	41	-5.156436e+00	-5.1564356500e+00	3.50e-07	6.79e-08	yes	OK
1830	41	41	-1.679749e+00	-1.6797490363e+00	3.63e-08	2.16e-08	yes	OK
1831	41	41	-5.156436e+00	-5.1564356500e+00	3.50e-07	6.79e-08	yes	OK
1832	41	41	-5.156436e+00	-5.1564356500e+00	3.50e-07	6.79e-08	yes	OK
1833	41	41	-1.679749e+00	-1.6797490364e+00	3.64e-08	2.17e-08	yes	OK
1834	41	41	-5.156436e+00	-5.1564356500e+00	3.50e-07	6.79e-08	yes	OK
1835	41	41	-1.679749e+00	-1.6797490364e+00	3.64e-08	2.17e-08	yes	OK
1836	41	41	-5.156436e+00	-5.1564356500e+00	3.50e-07	6.79e-08	yes	OK
1837	41	41	-1.679749e+00	-1.6797490364e+00	3.64e-08	2.17e-08	yes	OK
1838	41	41	-5.156436e+00	-5.1564356500e+00	3.50e-07	6.79e-08	yes	OK
1839	41	41	-1.679749e+00	-1.6797490364e+00	3.64e-08	2.17e-08	yes	OK
1840	35	41	-5.153296e+00	-5.1532955851e+00	4.15e-07	8.05e-08	yes	OK
1841	35	41	-1.676609e+00	-1.6766089715e+00	2.85e-08	1.70e-08	yes	OK
1842	20	41	-1.668800e+00	-1.6688000955e+00	9.55e-08	5.72e-08	yes	OK
1843	20	41	-1.668800e+00	-1.6688000968e+00	9.68e-08	5.80e-08	yes	OK
1844	20	41	-1.668800e+00	-1.6688000955e+00	9.55e-08	5.72e-08	yes	OK
1845	20	41	-1.668800e+00	-1.6688000968e+00	9.68e-08	5.80e-08	yes	OK
1846	17	41	-1.667197e+00	-1.6671968249e+00	1.75e-07	1.05e-07	yes	OK
1847	17	41	-1.667197e+00	-1.6671967858e+00	2.14e-07	1.28e-07	yes	OK
1848	17	41	-1.667197e+00	-1.6671968249e+00	1.75e-07	1.05e-07	yes	OK
1849	17	41	-1.667197e+00	-1.6671967858e+00	2.14e-07	1.28e-07	yes	OK
1850	41	41	-5.156418e+00	-5.1564183636e+00	3.64e-07	7.05e-08	yes	OK
1851	41	41	-1.679753e+00	-1.6797528572e+00	1.43e-07	8.50e-08	yes	OK
1852	41	41	-5.156418e+00	-5.1564183636e+00	3.64e-07	7.05e-08	yes	OK
1853	41	41	-1.679753e+00	-1.6797528572e+00	1.43e-07	8.50e-08	yes	OK
1854	41	41	-5.156418e+00	-5.1564183636e+00	3.64e-07	7.05e-08	yes	OK
1855	41	41	-1.679753e+00	-1.6797528572e+00	1.43e-07	8.50e-08	yes	OK
1856	41	41	-5.156418e+00	-5.1564183636e+00	3.64e-07	7.05e-08	yes	OK
1857	41	41	-1.679753e+00	-1.6797528572e+00	1.43e-07	8.50e-08	yes	OK
1858	40	41	-5.155858e+00	-5.1558578505e+00	1.50e-07	2.90e-08	yes	OK
1859	40	41	-1.679192e+00	-1.6791923441e+00	3.44e-07	2.05e-07	yes	OK
1860	41	41	-5.156418e+00	-5.1564183636e+00	3.64e-07	7.05e-08	yes	OK
1861	41	41	-1.679753e+00	-1.6797528572e+00	1.43e-07	8.50e-08	yes	OK
1862	41	41	-5.156418e+00	-5.1564183636e+00	3.64e-07	7.05e-08	yes	OK
1863	41	41	-1.679753e+00	-1.6797528572e+00	1.43e-07	8.50e-08	yes	OK
1864	41	41	-5.156418e+00	-5.1564183636e+00	3.64e-07	7.05e-08	yes	OK
1865	41	41	-1.679753e+00	-1.6797528572e+00	1.43e-07	8.50e-08	yes	OK
1866	41	41	-5.156418e+00	-5.1564183636e+00	3.64e-07	7.05e-08	yes	OK
1867	41	41	-1.679753e+00	-1.6797528572e+00	1.43e-07	8.50e-08	yes	OK
1868	41	41	-5.156418e+00	-5.1564183636e+00	3.64e-07	7.05e-08	yes	OK
1869	41	41	-1.679753e+00	-1.6797528572e+00	1.43e-07	8.50e-08	yes	OK
1870	12	41	-1.664632e+00	-1.6646324978e+00	4.98e-07	2.99e-07	yes	OK
1871	12	41	-1.664632e+00	-1.6646324978e+00	4.98e-07	2.99e-07	yes	OK
1872	41	41	-1.679753e+00	-1.6797528714e+00	1.29e-07	7.66e-08	yes	OK
1873	41	41	-5.156418e+00	-5.1564183636e+00	3.64e-07	7.05e-08	yes	OK
1874	41	41	-1.679753e+00	-1.6797528714e+00	1.29e-07	7.66e-08	yes	OK
1875	41	41	-5.156418e+00	-5.1564183636e+00	3.64e-07	7.05e-08	yes	OK
1876	41	41	-1.679753e+00	-1.6797528714e+00	1.29e-07	7.66e-08	yes	OK
1877	41	41	-5.156418e+00	-5.1564183636e+00	3.64e-07	7.05e-08	yes	OK
1878	41	41	-1.679753e+00	-1.6797528714e+00	1.29e-07	7.66e-08	yes	OK
1879	41	41	-5.156418e+00	-5.1564183636e+00	3.64e-07	7.05e-08	yes	OK
1880	41	41	-1.679753e+00	-1.6797528714e+00	1.29e-07	7.66e-08	yes	OK
1881	41	41	-5.156418e+00	-5.1564183636e+00	3.64e-07	7.05e-08	yes	OK
1882	41	41	-1.679753e+00	-1.6797528714e+00	1.29e-07	7.66e-08	yes	OK
1883	41	41	-5.156418e+00	-5.1564183636e+00	3.64e-07	7.05e-08	yes	OK
1884	41	41	-5.156418e+00	-5.1564183636e+00	3.64e-07	7.05e-08	yes	OK
1885	41	41	-1.679753e+00	-1.6797528572e+00	1.43e-07	8.50e-08	yes	OK
1886	41	41	-5.156418e+00	-5.1564183636e+00	3.64e-07	7.05e-08	yes	OK
1887	41	41	-1.679753e+00	-1.6797528572e+00	1.43e-07	8.50e-08	yes	OK
1888	41	41	-5.156418e+00	-5.1564183636e+00	3.64e-07	7.05e-08	yes	OK
1889	41	41	-1.679753e+00	-1.6797528572e+00	1.43e-07	8.50e-08	yes	OK
1890	41	41	-5.156418e+00	-5.1564183636e+00	3.64e-07	7.05e-08	yes	OK
1891	41	41	-1.679753e+00	-1.6797528572e+00	1.43e-07	8.50e-08	yes	OK
1892	41	41	-8.633062e+00	-8.6330616271e+00	3.73e-07	4.32e-08	yes	OK
1893	41	41	-5.156396e+00	-5.1563961208e+00	1.21e-07	2.34e-08	yes	OK
1894	29	41	-1.673488e+00	-1.6734880034e+00	3.36e-09	2.01e-09	yes	OK
1895	29	41	-5.150153e+00	-5.1501534941e+00	4.94e-07	9.59e-08	yes	OK
1896	41	41	-1.679753e+00	-1.6797528714e+00	1.29e-07	7.66e-08	yes	OK
1897	41	41	-5.156418e+00	-5.1564183636e+00	3.64e-07	7.05e-08	yes	OK
1898	41	41	-1.679753e+00	-1.6797528714e+00	1.29e-07	7.66e-08	yes	OK
1899	41	41	-5.156418e+00	-5.1564183636e+00	3.64e-07	7.05e-08	yes	OK
1900	41	41	-1.679753e+00	-1.6797528714e+00	1.29e-07	7.66e-08	yes	OK
1901	41	41	-5.156418e+00	-5.1564183636e+00	3.64e-07	7.05e-08	yes	OK
1902	27	41	-5.149117e+00	-5.1491170171e+00	1.71e-08	3.32e-09	yes	OK
1903	27	41	-1.672452e+00	-1.6724516470e+00	3.53e-07	2.11e-07	yes	OK
1904	19	41	-1.668278e+00	-1.6682781520e+00	1.52e-07	9.11e-08	yes	OK
1905	19	41	-1.668278e+00	-1.6682781521e+00	1.52e-07	9.12e-08	yes	OK
1906	16	41	-1.666600e+00	-1.6666003687e+00	3.69e-07	2.21e-07	yes	OK
1907	16	41	-1.666600e+00	-1.6666003687e+00	3.69e-07	2.21e-07	yes	OK
1908	147	151	-8.043586e+00	-8.0435855682e+00	4.32e-07	5.37e-08	yes	OK
1909	147	154	-2.309977e+00	-2.3099767117e+00	2.88e-07	1.25e-07	yes	OK
1910	72	151	-2.262168e+00	-2.2621678396e+00	1.60e-07	7.09e-08	yes	OK
1911	72	154	-2.270712e+00	-2.2707116135e+00	3.86e-07	1.70e-07	yes	OK
1912	122	151	-8.030484e+00	-8.0304835658e+00	4.34e-07	5.41e-08	yes	OK
1913	122	154	-2.296875e+00	-2.2968747093e+00	2.91e-07	1.27e-07	yes	OK
1914	38	151	-2.244459e+00	-2.2444588547e+00	1.45e-07	6.47e-08	yes	OK
1915	38	154	-2.253003e+00	-2.2530026282e+00	3.72e-07	1.65e-07	yes	OK
1916	129	151	-8.034008e+00	-8.0340081777e+00	1.78e-07	2.21e-08	yes	OK
1917	129	154	-2.300399e+00	-2.3003993212e+00	3.21e-07	1.40e-07	yes	OK
1918	141	151	-1.151713e+01	-1.1517132491e+01	2.49e-06	2.16e-07	yes	OK
1919	141	154	-5.783524e+00	-5.7835236342e+00	3.66e-07	6.32e-08	yes	OK
1920	92	151	-8.014841e+00	-8.0148414895e+00	4.90e-07	6.11e-08	yes	OK
1921	92	154	-2.281233e+00	-2.2812326331e+00	3.67e-07	1.61e-07	yes	OK
1922	58	151	-2.254869e+00	-2.2548690545e+00	5.45e-08	2.42e-08	yes	OK
1923	58	154	-2.263413e+00	-2.2634128281e+00	1.72e-07	7.60e-08	yes	OK
1924	43	151	-2.247013e+00	-2.2470127836e+00	2.16e-07	9.63e-08	yes	OK
1925	43	154	-2.255557e+00	-2.2555565572e+00	4.43e-07	1.96e-07	yes	OK
1926	16	151	-2.232884e+00	-2.2328841985e+00	1.99e-07	8.89e-08	yes	OK
1927	16	154	-2.241428e+00	-2.2414279721e+00	2.79e-08	1.25e-08	yes	OK
1928	144	151	-8.041982e+00	-8.0419822701e+00	2.70e-07	3.36e-08	yes	OK
1929	144	154	-2.308373e+00	-2.3083734136e+00	4.14e-07	1.79e-07	yes	OK
1930	41	151	-2.245970e+00	-2.2459704606e+00	4.61e-07	2.05e-07	yes	OK
1931	41	154	-2.254514e+00	-2.2545142341e+00	2.34e-07	1.04e-07	yes	OK
1932	21	151	-2.235432e+00	-2.2354323072e+00	3.07e-07	1.37e-07	yes	OK
1933	21	154	-2.243976e+00	-2.2439760807e+00	8.07e-08	3.60e-08	yes	OK
1934	40	151	-2.245480e+00	-2.2454798870e+00	1.13e-07	5.03e-08	yes	OK
1935	40	154	-2.254024e+00	-2.2540236606e+00	3.39e-07	1.51e-07	yes	OK
1936	58	151	-2.254869e+00	-2.2548690545e+00	5.45e-08	2.42e-08	yes	OK
1937	58	154	-2.263413e+00	-2.2634128281e+00	1.72e-07	7.60e-08	yes	OK
1938	109	151	-8.023705e+00	-8.0237053003e+00	3.00e-07	3.74e-08	yes	OK
1939	109	154	-2.290096e+00	-2.2900964438e+00	4.44e-07	1.94e-07	yes	OK
1940	13	151	-2.231339e+00	-2.2313391539e+00	1.54e-07	6.90e-08	yes	OK
1941	13	154	-2.239883e+00	-2.2398829274e+00	7.26e-08	3.24e-08	yes	OK
1942	116	151	-8.027311e+00	-8.0273112208e+00	2.21e-07	2.75e-08	yes	OK
1943	116	154	-2.293702e+00	-2.2937023643e+00	3.64e-07	1.59e-07	yes	OK
1944	54	151	-2.252748e+00	-2.2527483274e+00	3.27e-07	1.45e-07	yes	OK
1945	54	154	-2.261292e+00	-2.2612921010e+00	1.01e-07	4.47e-08	yes	OK
1946	30	151	-2.240207e+00	-2.2402068096e+00	1.90e-07	8.50e-08	yes	OK
1947	30	154	-2.248751e+00	-2.2487505831e+00	4.17e-07	1.85e-07	yes	OK
1948	143	151	-8.041459e+00	-8.0414594259e+00	4.26e-07	5.30e-08	yes	OK
1949	143	154	-2.307851e+00	-2.3078505694e+00	4.31e-07	1.87e-07	yes	OK
1950	49	151	-2.250177e+00	-2.2501766368e+00	3.63e-07	1.61e-07	yes	OK
1951	49	154	-2.258720e+00	-2.2587204103e+00	4.10e-07	1.82e-07	yes	OK
1952	13	151	-2.231339e+00	-2.2313391539e+00	1.54e-07	6.90e-08	yes	OK
1953	13	154	-2.239883e+00	-2.2398829274e+00	7.26e-08	3.24e-08	yes	OK
1954	139	151	-8.039413e+00	-8.0394133912e+00	3.91e-07	4.87e-08	yes	OK
1955	139	154	-2.305805e+00	-2.3058045347e+00	4.65e-07	2.02e-07	yes	OK
1956	63	151	-2.257398e+00	-2.2573975954e+00	4.05e-07	1.79e-07	yes	OK
1957	63	154	-2.265941e+00	-2.2659413690e+00	3.69e-07	1.63e-07	yes	OK
1958	50	151	-2.250702e+00	-2.2507019404e+00	5.96e-08	2.65e-08	yes	OK
1959	50	154	-2.259246e+00	-2.2592457139e+00	2.86e-07	1.27e-07	yes	OK
1960	99	151	-8.018453e+00	-8.0184529161e+00	8.39e-08	1.05e-08	yes	OK
1961	99	154	-2.284844e+00	-2.2848440596e+00	5.96e-08	2.61e-08	yes	OK
1962	67	151	-2.259565e+00	-2.2595652626e+00	2.63e-07	1.16e-07	yes	OK
1963	67	154	-2.268109e+00	-2.2681090361e+00	3.61e-08	1.59e-08	yes	OK
1964	85	151	-8.011145e+00	-8.0111453997e+00	4.00e-07	4.99e-08	yes	OK
1965	85	154	-2.277575e+00	-2.2775754351e+00	4.35e-07	1.91e-07	yes	OK
1966	59	151	-2.255386e+00	-2.2553860510e+00	5.10e-08	2.26e-08	yes	OK
1967	59	154	-2.263930e+00	-2.2639298246e+00	1.75e-07	7.75e-08	yes	OK
1968	72	151	-2.262168e+00	-2.2621678396e+00	1.60e-07	7.09e-08	yes	OK
1969	72	154	-2.270712e+00	-2.2707116135e+00	3.86e-07	1.70e-07	yes	OK
1970	24	151	-2.237075e+00	-2.2370747530e+00	2.47e-07	1.10e-07	yes	OK
1971	24	154	-2.245619e+00	-2.2456185265e+00	4.73e-07	2.11e-07	yes	OK
1972	122	151	-8.030484e+00	-8.0304835658e+00	4.34e-07	5.41e-08	yes	OK
1973	122	154	-2.296875e+00	-2.2968747093e+00	2.91e-07	1.27e-07	yes	OK
1974	99	151	-8.018453e+00	-8.0184529161e+00	8.39e-08	1.05e-08	yes	OK
1975	99	154	-2.284844e+00	-2.2848440596e+00	5.96e-08	2.61e-08	yes	OK
1976	20	151	-2.234876e+00	-2.2348758834e+00	1.17e-07	5.22e-08	yes	OK
1977	20	154	-2.243420e+00	-2.2434196570e+00	3.43e-07	1.53e-07	yes	OK
1978	95	151	-8.016367e+00	-8.0163670134e+00	1.34e-08	1.67e-09	yes	OK
1979	95	154	-2.282758e+00	-2.2827581569e+00	1.57e-07	6.87e-08	yes	OK
1980	76	151	-2.264258e+00	-2.2642577418e+00	2.58e-07	1.14e-07	yes	OK
1981	76	154	-2.272802e+00	-2.2728015153e+00	4.85e-07	2.13e-07	yes	OK
1982	20	151	-2.234876e+00	-2.2348758834e+00	1.17e-07	5.22e-08	yes	OK
1983	20	154	-2.243420e+00	-2.2434196570e+00	3.43e-07	1.53e-07	yes	OK
1984	150	151	-8.045110e+00	-8.0451101743e+00	1.74e-07	2.17e-08	yes	OK
1985	150	154	-2.311501e+00	-2.3115013178e+00	3.18e-07	1.37e-07	yes	OK
1986	149	151	-8.044593e+00	-8.0445931032e+00	1.03e-07	1.28e-08	yes	OK
1987	149	154	-2.310984e+00	-2.3109842467e+00	2.47e-07	1.07e-07	yes	OK
1988	147	151	-1.152024e+01	-1.1520236578e+01	3.42e-06	2.97e-07	yes	OK
1989	147	154	-5.786628e+00	-5.7866277214e+00	2.79e-07	4.81e-08	yes	OK
1990	145	151	-8.042507e+00	-8.0425072691e+00	2.69e-07	3.35e-08	yes	OK
1991	145	154	-2.308898e+00	-2.3088984126e+00	4.13e-07	1.79e-07	yes	OK
1992	129	151	-1.151074e+01	-1.1510737560e+01	2.44e-06	2.12e-07	yes	OK
1993	129	154	-5.777129e+00	-5.7771287032e+00	2.97e-07	5.14e-08	yes	OK
1994	128	151	-8.033683e+00	-8.0336832780e+00	2.78e-07	3.46e-08	yes	OK
1995	128	154	-2.300074e+00	-2.3000744215e+00	4.21e-07	1.83e-07	yes	OK
1996	123	151	-8.031076e+00	-8.0310764392e+00	4.39e-07	5.47e-08	yes	OK
1997	123	154	-2.297468e+00	-2.2974675827e+00	4.17e-07	1.82e-07	yes	OK
1998	119	151	-8.028798e+00	-8.0287979667e+00	3.33e-08	4.14e-09	yes	OK
1999	119	154	-2.295189e+00	-2.2951891102e+00	1.10e-07	4.80e-08	yes	OK
2000	108	151	-8.023184e+00	-8.0231844222e+00	4.22e-07	5.26e-08	yes	OK
2001	108	154	-2.289576e+00	-2.2895755658e+00	4.34e-07	1.90e-07	yes	OK
2002	107	151	-8.022667e+00	-8.0226668785e+00	1.22e-07	1.52e-08	yes	OK
2003	107	154	-2.289058e+00	-2.2890580220e+00	2.20e-08	9.59e-09	yes	OK
2004	106	151	-8.022142e+00	-8.0221416765e+00	3.24e-07	4.03e-08	yes	OK
2005	106	154	-2.288533e+00	-2.2885328200e+00	1.80e-07	7.87e-08	yes	OK
2006	100	151	-8.018978e+00	-8.0189781955e+00	1.95e-07	2.44e-08	yes	OK
2007	100	154	-2.285369e+00	-2.2853693390e+00	3.39e-07	1.48e-07	yes	OK
2008	94	151	-8.015803e+00	-8.0158029026e+00	9.74e-08	1.22e-08	yes	OK
2009	94	154	-2.282194e+00	-2.2821940461e+00	4.61e-08	2.02e-08	yes	OK
2010	94	151	-8.015803e+00	-8.0158029026e+00	9.74e-08	1.22e-08	yes	OK
2011	94	154	-2.282194e+00	-2.2821940461e+00	4.61e-08	2.02e-08	yes	OK
2012	93	151	-8.015250e+00	-8.0152499340e+00	6.60e-08	8.24e-09	yes	OK
2013	93	154	-2.281641e+00	-2.2816410775e+00	7.75e-08	3.40e-08	yes	OK
2014	82	151	-8.009632e+00	-8.0096319880e+00	1.20e-08	1.50e-09	yes	OK
2015	82	154	-2.276023e+00	-2.2760232969e+00	2.97e-07	1.30e-07	yes	OK
2016	79	151	-8.008114e+00	-8.0081136768e+00	3.23e-07	4.04e-08	yes	OK
2017	79	154	-2.274460e+00	-2.2744595552e+00	4.45e-07	1.96e-07	yes	OK
2018	73	151	-2.262572e+00	-2.2625720481e+00	4.81e-08	2.13e-08	yes	OK
2019	73	154	-2.271116e+00	-2.2711158217e+00	1.78e-07	7.85e-08	yes	OK
2020	53	151	-2.252230e+00	-2.2522304771e+00	4.77e-07	2.12e-07	yes	OK
2021	53	154	-2.260774e+00	-2.2607742506e+00	2.51e-07	1.11e-07	yes	OK
2022	52	151	-5.728423e+00	-5.7284232426e+00	2.43e-07	4.23e-08	yes	OK
2023	52	154	-5.736967e+00	-5.7369670161e+00	1.61e-08	2.81e-09	yes	OK
2024	48	151	-2.249663e+00	-2.2496631378e+00	1.38e-07	6.12e-08	yes	OK
2025	48	154	-2.258207e+00	-2.2582069113e+00	8.87e-08	3.93e-08	yes	OK
2026	47	151	-2.249142e+00	-2.2491416366e+00	3.63e-07	1.62e-07	yes	OK
2027	47	154	-2.257685e+00	-2.2576854101e+00	4.10e-07	1.82e-07	yes	OK
2028	46	151	-2.248620e+00	-2.2486199318e+00	6.82e-08	3.03e-08	yes	OK
2029	46	154	-2.257164e+00	-2.2571637053e+00	2.95e-07	1.31e-07	yes	OK
2030	39	151	-2.244926e+00	-2.2449264994e+00	4.99e-07	2.22e-07	yes	OK
2031	39	154	-2.253470e+00	-2.2534702729e+00	2.73e-07	1.21e-07	yes	OK
2032	17	151	-2.233432e+00	-2.2334317527e+00	2.47e-07	1.11e-07	yes	OK
2033	17	154	-2.241976e+00	-2.2419755262e+00	4.74e-07	2.11e-07	yes	OK
2034	14	151	-2.231868e+00	-2.2318676575e+00	3.43e-07	1.53e-07	yes	OK
2035	14	154	-2.240411e+00	-2.2404114310e+00	4.31e-07	1.92e-07	yes	OK
2036	41	41	-1.679714e+00	-1.6797137875e+00	2.13e-07	1.27e-07	yes	OK
2037	41	41	-5.156390e+00	-5.1563899508e+00	4.92e-08	9.53e-09	yes	OK
2038	41	41	-1.679714e+00	-1.6797137875e+00	2.13e-07	1.27e-07	yes	OK
2039	41	41	-5.156390e+00	-5.1563899508e+00	4.92e-08	9.53e-09	yes	OK
2040	37	41	-1.677550e+00	-1.6775500938e+00	9.38e-08	5.59e-08	yes	OK
2041	37	41	-5.154226e+00	-5.1542262572e+00	2.57e-07	4.99e-08	yes	OK
2042	41	41	-1.679714e+00	-1.6797137875e+00	2.13e-07	1.27e-07	yes	OK
2043	41	41	-5.156390e+00	-5.1563899508e+00	4.92e-08	9.53e-09	yes	OK
2044	41	41	-1.679714e+00	-1.6797137875e+00	2.13e-07	1.27e-07	yes	OK
2045	41	41	-5.156390e+00	-5.1563899508e+00	4.92e-08	9.53e-09	yes	OK
2046	41	41	-1.679714e+00	-1.6797137875e+00	2.13e-07	1.27e-07	yes	OK
2047	41	41	-5.156390e+00	-5.1563899508e+00	4.92e-08	9.53e-09	yes	OK
2048	41	41	-1.679714e+00	-1.6797137875e+00	2.13e-07	1.27e-07	yes	OK
2049	41	41	-5.156390e+00	-5.1563899508e+00	4.92e-08	9.53e-09	yes	OK
2050	41	41	-5.156390e+00	-5.1563899508e+00	4.92e-08	9.53e-09	yes	OK
2051	41	41	-1.679714e+00	-1.6797137804e+00	2.20e-07	1.31e-07	yes	OK
2052	41	41	-5.156390e+00	-5.1563899508e+00	4.92e-08	9.53e-09	yes	OK
2053	41	41	-1.679714e+00	-1.6797137804e+00	2.20e-07	1.31e-07	yes	OK
2054	41	41	-5.156390e+00	-5.1563899508e+00	4.92e-08	9.53e-09	yes	OK
2055	41	41	-1.679714e+00	-1.6797137804e+00	2.20e-07	1.31e-07	yes	OK
2056	41	41	-5.156390e+00	-5.1563899508e+00	4.92e-08	9.53e-09	yes	OK
2057	41	41	-1.679714e+00	-1.6797137804e+00	2.20e-07	1.31e-07	yes	OK
2058	41	41	-5.156390e+00	-5.1563899508e+00	4.92e-08	9.53e-09	yes	OK
2059	41	41	-1.679714e+00	-1.6797137804e+00	2.20e-07	1.31e-07	yes	OK
2060	41	41	-1.679714e+00	-1.6797137875e+00	2.13e-07	1.27e-07	yes	OK
2061	41	41	-5.156390e+00	-5.1563899508e+00	4.92e-08	9.53e-09	yes	OK
2062	32	41	-1.675021e+00	-1.6750213260e+00	3.26e-07	1.95e-07	yes	OK
2063	32	41	-5.151697e+00	-5.1516974894e+00	4.89e-07	9.50e-08	yes	OK
2064	28	41	-1.672975e+00	-1.6729745625e+00	4.37e-07	2.62e-07	yes	OK
2065	28	41	-5.149647e+00	-5.1496471630e+00	1.63e-07	3.17e-08	yes	OK
2066	41	41	-1.679714e+00	-1.6797137875e+00	2.13e-07	1.27e-07	yes	OK
2067	41	41	-5.156390e+00	-5.1563899508e+00	4.92e-08	9.53e-09	yes	OK
2068	41	41	-1.679714e+00	-1.6797137875e+00	2.13e-07	1.27e-07	yes	OK
2069	41	41	-5.156390e+00	-5.1563899508e+00	4.92e-08	9.53e-09	yes	OK
2070	41	41	-1.679714e+00	-1.6797137875e+00	2.13e-07	1.27e-07	yes	OK
2071	41	41	-5.156390e+00	-5.1563899508e+00	4.92e-08	9.53e-09	yes	OK
2072	17	41	-1.667197e+00	-1.6671968546e+00	1.45e-07	8.72e-08	yes	OK
2073	17	41	-1.667197e+00	-1.6671968546e+00	1.45e-07	8.72e-08	yes	OK
2074	41	41	-1.679714e+00	-1.6797137875e+00	2.13e-07	1.27e-07	yes	OK
2075	41	41	-5.156390e+00	-5.1563899508e+00	4.92e-08	9.53e-09	yes	OK
2076	41	41	-5.156390e+00	-5.1563899508e+00	4.92e-08	9.53e-09	yes	OK
2077	41	41	-1.679714e+00	-1.6797137804e+00	2.20e-07	1.31e-07	yes	OK
2078	16	41	-1.666718e+00	-1.6667176567e+00	3.43e-07	2.06e-07	yes	OK
2079	16	41	-1.666718e+00	-1.6667176567e+00	3.43e-07	2.06e-07	yes	OK
2080	15	41	-1.666193e+00	-1.6661927967e+00	2.03e-07	1.22e-07	yes	OK
2081	15	41	-1.666193e+00	-1.6661927967e+00	2.03e-07	1.22e-07	yes	OK
2082	41	41	-5.156390e+00	-5.1563899508e+00	4.92e-08	9.53e-09	yes	OK
2083	41	41	-1.679714e+00	-1.6797137804e+00	2.20e-07	1.31e-07	yes	OK
2084	41	41	-5.156390e+00	-5.1563899508e+00	4.92e-08	9.53e-09	yes	OK
2085	41	41	-1.679714e+00	-1.6797137804e+00	2.20e-07	1.31e-07	yes	OK
2086	41	41	-5.156390e+00	-5.1563899508e+00	4.92e-08	9.53e-09	yes	OK
2087	41	41	-1.679714e+00	-1.6797137804e+00	2.20e-07	1.31e-07	yes	OK
2088	31	41	-5.151176e+00	-5.1511762145e+00	2.14e-07	4.16e-08	yes	OK
2089	31	41	-1.674500e+00	-1.6745000442e+00	4.42e-08	2.64e-08	yes	OK
2090	32	41	-5.151697e+00	-5.1516974894e+00	4.89e-07	9.50e-08	yes	OK
2091	32	41	-1.675021e+00	-1.6750213190e+00	3.19e-07	1.90e-07	yes	OK
2092	41	41	-5.156390e+00	-5.1563899508e+00	4.92e-08	9.53e-09	yes	OK
2093	41	41	-1.679714e+00	-1.6797137804e+00	2.20e-07	1.31e-07	yes	OK
2094	22	41	-5.131036e+00	-5.1310359986e+00	1.38e-09	2.70e-10	yes	OK
2095	22	41	-1.669842e+00	-1.6698420334e+00	3.34e-08	2.00e-08	yes	OK
2096	39	41	-1.678632e+00	-1.6786319148e+00	8.52e-08	5.08e-08	yes	OK
2097	39	41	-5.155308e+00	-5.1553080781e+00	7.81e-08	1.52e-08	yes	OK
2098	35	41	-5.153218e+00	-5.1532177940e+00	2.06e-07	4.00e-08	yes	OK
2099	35	41	-1.676542e+00	-1.6765416235e+00	3.76e-07	2.25e-07	yes	OK
2100	29	41	-5.150129e+00	-5.1501293932e+00	3.93e-07	7.64e-08	yes	OK
2101	29	41	-1.673453e+00	-1.6734533413e+00	3.41e-07	2.04e-07	yes	OK
2102	26	41	-5.148566e+00	-5.1485664473e+00	4.47e-07	8.69e-08	yes	OK
2103	26	41	-1.671893e+00	-1.6718926704e+00	3.30e-07	1.97e-07	yes	OK
2104	24	41	-1.670810e+00	-1.6708104901e+00	4.90e-07	2.93e-07	yes	OK
2105	24	41	-5.147462e+00	-5.1474621997e+00	2.00e-07	3.88e-08	yes	OK
2106	20	41	-1.668760e+00	-1.6687601483e+00	1.48e-07	8.89e-08	yes	OK
2107	20	41	-1.668760e+00	-1.6687601483e+00	1.48e-07	8.89e-08	yes	OK
2108	15	41	-1.666115e+00	-1.6661149604e+00	3.96e-08	2.38e-08	yes	OK
2109	15	41	-1.666115e+00	-1.6661149596e+00	4.04e-08	2.42e-08	yes	OK
2110	12	41	-1.664594e+00	-1.6645938095e+00	1.90e-07	1.14e-07	yes	OK
2111	12	41	-1.664594e+00	-1.6645938095e+00	1.90e-07	1.14e-07	yes	OK
2112	11	41	-1.664033e+00	-1.6640332870e+00	2.87e-07	1.72e-07	yes	OK
2113	11	41	-1.664033e+00	-1.6640332870e+00	2.87e-07	1.72e-07	yes	OK
2114	127	151	-2.290857e+00	-2.2908572361e+00	2.36e-07	1.03e-07	yes	OK
2115	127	153	-7.338542e+00	-7.3385415313e+00	4.69e-07	6.39e-08	yes	OK
2116	22	151	-2.235996e+00	-2.2359955592e+00	4.41e-07	1.97e-07	yes	OK
2117	22	153	-2.241710e+00	-2.2417100427e+00	4.27e-08	1.90e-08	yes	OK
2118	117	151	-7.326571e+00	-7.3265709552e+00	4.48e-08	6.11e-09	yes	OK
2119	117	153	-2.291358e+00	-2.2913583574e+00	3.57e-07	1.56e-07	yes	OK
2120	90	151	-2.271528e+00	-2.2715275651e+00	4.35e-07	1.91e-07	yes	OK
2121	90	153	-7.319212e+00	-7.3192118604e+00	1.40e-07	1.91e-08	yes	OK
2122	128	151	-1.069478e+01	-1.0694782231e+01	2.23e-06	2.09e-07	yes	OK
2123	128	153	-5.659570e+00	-5.6595696328e+00	3.67e-07	6.49e-08	yes	OK
2124	79	151	-5.817552e+00	-5.8175518557e+00	1.44e-07	2.48e-08	yes	OK
2125	79	153	-2.271429e+00	-2.2714286912e+00	3.09e-07	1.36e-07	yes	OK
2126	113	151	-7.324485e+00	-7.3244854392e+00	4.39e-07	6.00e-08	yes	OK
2127	113	153	-2.289273e+00	-2.2892728414e+00	1.59e-07	6.93e-08	yes	OK
2128	60	151	-2.255886e+00	-2.2558861613e+00	1.61e-07	7.15e-08	yes	OK
2129	60	153	-2.261601e+00	-2.2616006448e+00	3.55e-07	1.57e-07	yes	OK
2130	92	151	-7.313497e+00	-7.3134973768e+00	3.77e-07	5.15e-08	yes	OK
2131	92	153	-2.278285e+00	-2.2782847790e+00	2.21e-07	9.70e-08	yes	OK
2132	23	151	-2.236522e+00	-2.2365220694e+00	6.94e-08	3.10e-08	yes	OK
2133	23	153	-2.242237e+00	-2.2422365529e+00	4.47e-07	1.99e-07	yes	OK
2134	122	151	-2.288212e+00	-2.2882117423e+00	2.58e-07	1.13e-07	yes	OK
2135	122	153	-7.335896e+00	-7.3358960375e+00	3.75e-08	5.12e-09	yes	OK
2136	115	151	-2.284601e+00	-2.2846011435e+00	1.44e-07	6.28e-08	yes	OK
2137	115	153	-7.332285e+00	-7.3322854388e+00	4.39e-07	5.98e-08	yes	OK
2138	144	151	-2.299682e+00	-2.2996820115e+00	1.15e-08	5.02e-09	yes	OK
2139	144	153	-7.347366e+00	-7.3473663068e+00	3.07e-07	4.18e-08	yes	OK
2140	50	151	-2.250388e+00	-2.2503880341e+00	3.41e-08	1.52e-08	yes	OK
2141	50	153	-2.256103e+00	-2.2561025176e+00	4.82e-07	2.14e-07	yes	OK
2142	65	151	-2.258493e+00	-2.2584929870e+00	1.30e-08	5.76e-09	yes	OK
2143	65	153	-2.264207e+00	-2.2642074705e+00	4.71e-07	2.08e-07	yes	OK
2144	141	151	-5.774822e+00	-5.7748220926e+00	9.26e-08	1.60e-08	yes	OK
2145	141	153	-1.082251e+01	-1.0822506388e+01	3.61e-06	3.34e-07	yes	OK
2146	74	151	-2.263217e+00	-2.2632168422e+00	1.58e-07	6.97e-08	yes	OK
2147	74	153	-2.268931e+00	-2.2689313257e+00	3.26e-07	1.44e-07	yes	OK
2148	29	151	-2.239646e+00	-2.2396456126e+00	3.87e-07	1.73e-07	yes	OK
2149	29	153	-2.245360e+00	-2.2453600961e+00	9.61e-08	4.28e-08	yes	OK
2150	12	151	-2.230787e+00	-2.2307868615e+00	1.39e-07	6.21e-08	yes	OK
2151	12	153	-2.236501e+00	-2.2365013450e+00	3.45e-07	1.54e-07	yes	OK
2152	38	151	-2.244335e+00	-2.2443349255e+00	7.45e-08	3.32e-08	yes	OK
2153	38	153	-2.250049e+00	-2.2500494090e+00	4.09e-07	1.82e-07	yes	OK
2154	45	151	-2.247952e+00	-2.2479524804e+00	4.80e-07	2.14e-07	yes	OK
2155	45	153	-2.253667e+00	-2.2536669639e+00	3.61e-08	1.60e-08	yes	OK
2156	13	151	-2.231269e+00	-2.2312691771e+00	1.77e-07	7.94e-08	yes	OK
2157	13	153	-2.236984e+00	-2.2369836606e+00	3.39e-07	1.52e-07	yes	OK
2158	80	151	-2.266314e+00	-2.2663136595e+00	3.40e-07	1.50e-07	yes	OK
2159	80	153	-7.219398e+00	-7.2193978906e+00	1.09e-07	1.51e-08	yes	OK
2160	53	151	-2.252276e+00	-2.2522755901e+00	4.10e-07	1.82e-07	yes	OK
2161	53	153	-2.257990e+00	-2.2579900736e+00	7.36e-08	3.26e-08	yes	OK
2162	27	151	-2.238607e+00	-2.2386071783e+00	1.78e-07	7.97e-08	yes	OK
2163	27	153	-2.244322e+00	-2.2443216618e+00	3.38e-07	1.51e-07	yes	OK
2164	141	151	-7.339080e+00	-7.3390797324e+00	2.68e-07	3.65e-08	yes	OK
2165	141	153	-2.303867e+00	-2.3038671345e+00	1.35e-07	5.84e-08	yes	OK
2166	63	151	-2.257450e+00	-2.2574503092e+00	3.09e-07	1.37e-07	yes	OK
2167	63	153	-2.263165e+00	-2.2631647927e+00	2.07e-07	9.16e-08	yes	OK
2168	35	151	-2.242779e+00	-2.2427785874e+00	4.13e-07	1.84e-07	yes	OK
2169	35	153	-2.248493e+00	-2.2484930709e+00	7.09e-08	3.15e-08	yes	OK
2170	82	151	-2.267396e+00	-2.2673956956e+00	3.04e-07	1.34e-07	yes	OK
2171	82	153	-7.315021e+00	-7.3150214861e+00	4.86e-07	6.65e-08	yes	OK
2172	102	151	-5.754502e+00	-5.7545020351e+00	3.51e-08	6.09e-09	yes	OK
2173	102	153	-1.080219e+01	-1.0802186330e+01	3.67e-06	3.40e-07	yes	OK
2174	45	151	-2.247952e+00	-2.2479524804e+00	4.80e-07	2.14e-07	yes	OK
2175	45	153	-2.253667e+00	-2.2536669639e+00	3.61e-08	1.60e-08	yes	OK
2176	23	151	-2.236522e+00	-2.2365220694e+00	6.94e-08	3.10e-08	yes	OK
2177	23	153	-2.242237e+00	-2.2422365529e+00	4.47e-07	1.99e-07	yes	OK
2178	19	151	-2.234397e+00	-2.2343966924e+00	3.08e-07	1.38e-07	yes	OK
2179	19	153	-2.240111e+00	-2.2401111760e+00	1.76e-07	7.85e-08	yes	OK
2180	126	151	-2.290254e+00	-2.2902541071e+00	1.07e-07	4.68e-08	yes	OK
2181	126	153	-7.337938e+00	-7.3379384024e+00	4.02e-07	5.48e-08	yes	OK
2182	53	151	-2.252276e+00	-2.2522755901e+00	4.10e-07	1.82e-07	yes	OK
2183	53	153	-2.257990e+00	-2.2579900736e+00	7.36e-08	3.26e-08	yes	OK
2184	11	151	-2.230226e+00	-2.2302264033e+00	4.03e-07	1.81e-07	yes	OK
2185	11	153	-2.235941e+00	-2.2359408865e+00	1.14e-07	5.08e-08	yes	OK
2186	142	151	-5.775315e+00	-5.7753152457e+00	2.46e-07	4.25e-08	yes	OK
2187	142	153	-1.082300e+01	-1.0822999541e+01	4.59e-07	4.24e-08	yes	OK
2188	65	151	-2.258493e+00	-2.2584929870e+00	1.30e-08	5.76e-09	yes	OK
2189	65	153	-2.264207e+00	-2.2642074705e+00	4.71e-07	2.08e-07	yes	OK
2190	95	151	-2.274135e+00	-2.2741345244e+00	4.76e-07	2.09e-07	yes	OK
2191	95	153	-7.321819e+00	-7.3218188196e+00	1.80e-07	2.46e-08	yes	OK
2192	75	151	-2.263707e+00	-2.2637069356e+00	6.44e-08	2.84e-08	yes	OK
2193	75	153	-2.269418e+00	-2.2694175534e+00	4.47e-07	1.97e-07	yes	OK
2194	74	151	-2.263217e+00	-2.2632168422e+00	1.58e-07	6.97e-08	yes	OK
2195	74	153	-2.268931e+00	-2.2689313257e+00	3.26e-07	1.44e-07	yes	OK
2196	150	151	-7.343765e+00	-7.3437646886e+00	3.11e-07	4.24e-08	yes	OK
2197	150	153	-2.308552e+00	-2.3085520907e+00	9.07e-08	3.93e-08	yes	OK
2198	146	151	-7.341726e+00	-7.3417260942e+00	9.42e-08	1.28e-08	yes	OK
2199	146	153	-2.306513e+00	-2.3065134964e+00	4.96e-07	2.15e-07	yes	OK
2200	143	151	-2.299234e+00	-2.2992344991e+00	4.99e-07	2.17e-07	yes	OK
2201	143	153	-7.346919e+00	-7.3469187943e+00	2.06e-07	2.80e-08	yes	OK
2202	142	151	-7.339641e+00	-7.3396405668e+00	4.33e-07	5.90e-08	yes	OK
2203	142	153	-2.304428e+00	-2.3044279689e+00	3.11e-08	1.35e-08	yes	OK
2204	139	151	-7.338076e+00	-7.3380764830e+00	4.83e-07	6.58e-08	yes	OK
2205	139	153	-2.302864e+00	-2.3028638851e+00	1.15e-07	4.99e-08	yes	OK
2206	136	151	-2.295546e+00	-2.2955461203e+00	1.20e-07	5.24e-08	yes	OK
2207	136	153	-7.343230e+00	-7.3432304156e+00	4.16e-07	5.66e-08	yes	OK
2208	131	151	-5.769664e+00	-5.7696642582e+00	2.58e-07	4.48e-08	yes	OK
2209	131	153	-1.081735e+01	-1.0817348553e+01	1.45e-06	1.34e-07	yes	OK
2210	126	151	-1.080799e+01	-1.0807985090e+01	4.91e-06	4.54e-07	yes	OK
2211	126	153	-5.772772e+00	-5.7727724918e+00	4.92e-07	8.52e-08	yes	OK
2212	120	151	-7.328131e+00	-7.3281308343e+00	1.66e-07	2.26e-08	yes	OK
2213	120	153	-2.292918e+00	-2.2929182365e+00	2.36e-07	1.03e-07	yes	OK
2214	104	151	-2.278647e+00	-2.2786474672e+00	4.67e-07	2.05e-07	yes	OK
2215	104	153	-7.326332e+00	-7.3263317624e+00	2.38e-07	3.24e-08	yes	OK
2216	95	151	-7.314980e+00	-7.3149799647e+00	3.53e-08	4.82e-09	yes	OK
2217	95	153	-2.279767e+00	-2.2797673669e+00	3.67e-07	1.61e-07	yes	OK
2218	91	151	-1.078931e+01	-1.0789313823e+01	3.82e-06	3.54e-07	yes	OK
2219	91	153	-5.754101e+00	-5.7541012248e+00	2.25e-07	3.91e-08	yes	OK
2220	83	151	-7.308703e+00	-7.3087030567e+00	5.67e-08	7.75e-09	yes	OK
2221	83	153	-2.273504e+00	-2.2735035612e+00	4.39e-07	1.93e-07	yes	OK
2222	73	151	-2.262587e+00	-2.2625865452e+00	4.55e-07	2.01e-07	yes	OK
2223	73	153	-2.268301e+00	-2.2683014505e+00	4.50e-07	1.99e-07	yes	OK
2224	63	151	-2.257412e+00	-2.2574123751e+00	3.75e-07	1.66e-07	yes	OK
2225	63	153	-2.263127e+00	-2.2631268587e+00	1.41e-07	6.25e-08	yes	OK
2226	60	151	-2.255809e+00	-2.2558091083e+00	1.08e-07	4.80e-08	yes	OK
2227	60	153	-2.261524e+00	-2.2615235918e+00	4.08e-07	1.81e-07	yes	OK
2228	38	151	-2.244374e+00	-2.2443740144e+00	1.44e-08	6.43e-09	yes	OK
2229	38	153	-2.250088e+00	-2.2500884979e+00	4.98e-07	2.21e-07	yes	OK
2230	36	151	-2.243331e+00	-2.2433312636e+00	2.64e-07	1.17e-07	yes	OK
2231	36	153	-2.249046e+00	-2.2490457471e+00	2.53e-07	1.12e-07	yes	OK
2232	36	151	-2.243331e+00	-2.2433312636e+00	2.64e-07	1.17e-07	yes	OK
2233	36	153	-2.249046e+00	-2.2490457471e+00	2.53e-07	1.12e-07	yes	OK
2234	28	151	-2.239082e+00	-2.2390819017e+00	9.83e-08	4.39e-08	yes	OK
2235	28	153	-2.244796e+00	-2.2447963852e+00	3.85e-07	1.72e-07	yes	OK
2236	27	151	-2.238525e+00	-2.2385254760e+00	4.76e-07	2.13e-07	yes	OK
2237	27	153	-2.244240e+00	-2.2442399595e+00	4.05e-08	1.80e-08	yes	OK
2238	21	151	-2.235510e+00	-2.2355098340e+00	1.66e-07	7.42e-08	yes	OK
2239	21	153	-2.241224e+00	-2.2412243175e+00	3.18e-07	1.42e-07	yes	OK
2240	21	151	-2.235510e+00	-2.2355098340e+00	1.66e-07	7.42e-08	yes	OK
2241	21	153	-2.241224e+00	-2.2412243175e+00	3.18e-07	1.42e-07	yes	OK
2242	19	151	-2.234468e+00	-2.2344678495e+00	1.51e-07	6.74e-08	yes	OK
2243	19	153	-2.240182e+00	-2.2401823330e+00	3.33e-07	1.49e-07	yes	OK
2244	15	151	-2.232343e+00	-2.2323432465e+00	2.47e-07	1.10e-07	yes	OK
2245	15	153	-2.238058e+00	-2.2380577300e+00	2.70e-07	1.21e-07	yes	OK
2246	41	41	-5.156400e+00	-5.1563998361e+00	1.64e-07	3.18e-08	yes	OK
2247	41	41	-1.679745e+00	-1.6797450349e+00	3.49e-08	2.08e-08	yes	OK
2248	41	41	-5.156400e+00	-5.1563998361e+00	1.64e-07	3.18e-08	yes	OK
2249	41	41	-1.679745e+00	-1.6797450349e+00	3.49e-08	2.08e-08	yes	OK
2250	41	41	-5.156400e+00	-5.1563998361e+00	1.64e-07	3.18e-08	yes	OK
2251	41	41	-1.679745e+00	-1.6797450349e+00	3.49e-08	2.08e-08	yes	OK
2252	13	41	-1.665146e+00	-1.6651464677e+00	4.68e-07	2.81e-07	yes	OK
2253	13	41	-1.665146e+00	-1.6651464677e+00	4.68e-07	2.81e-07	yes	OK
2254	41	41	-5.156400e+00	-5.1563998361e+00	1.64e-07	3.18e-08	yes	OK
2255	41	41	-1.679745e+00	-1.6797450349e+00	3.49e-08	2.08e-08	yes	OK
2256	41	41	-5.156400e+00	-5.1563998361e+00	1.64e-07	3.18e-08	yes	OK
2257	41	41	-1.679745e+00	-1.6797450349e+00	3.49e-08	2.08e-08	yes	OK
2258	27	41	-8.625775e+00	-8.6257745546e+00	4.45e-07	5.16e-08	yes	OK
2259	27	41	-5.149120e+00	-5.1491199001e+00	9.99e-08	1.94e-08	yes	OK
2260	41	41	-5.156400e+00	-5.1563998361e+00	1.64e-07	3.18e-08	yes	OK
2261	41	41	-1.679745e+00	-1.6797450349e+00	3.49e-08	2.08e-08	yes	OK
2262	41	41	-5.156400e+00	-5.1563998361e+00	1.64e-07	3.18e-08	yes	OK
2263	41	41	-1.679745e+00	-1.6797450349e+00	3.49e-08	2.08e-08	yes	OK
2264	41	41	-5.156400e+00	-5.1563998361e+00	1.64e-07	3.18e-08	yes	OK
2265	41	41	-1.679745e+00	-1.6797450349e+00	3.49e-08	2.08e-08	yes	OK
2266	33	41	-5.152225e+00	-5.1522249464e+00	5.36e-08	1.04e-08	yes	OK
2267	33	41	-1.675570e+00	-1.6755701452e+00	1.45e-07	8.66e-08	yes	OK
2268	41	41	-5.156400e+00	-5.1563998361e+00	1.64e-07	3.18e-08	yes	OK
2269	41	41	-1.679745e+00	-1.6797450349e+00	3.49e-08	2.08e-08	yes	OK
2270	41	41	-5.156400e+00	-5.1563998361e+00	1.64e-07	3.18e-08	yes	OK
2271	41	41	-1.679745e+00	-1.6797450349e+00	3.49e-08	2.08e-08	yes	OK
2272	41	41	-5.156400e+00	-5.1563998361e+00	1.64e-07	3.18e-08	yes	OK
2273	41	41	-1.679745e+00	-1.6797450349e+00	3.49e-08	2.08e-08	yes	OK
2274	41	41	-5.156400e+00	-5.1563998361e+00	1.64e-07	3.18e-08	yes	OK
2275	41	41	-1.679745e+00	-1.6797450349e+00	3.49e-08	2.08e-08	yes	OK
2276	41	41	-5.156400e+00	-5.1563998361e+00	1.64e-07	3.18e-08	yes	OK
2277	41	41	-1.679745e+00	-1.6797450349e+00	3.49e-08	2.08e-08	yes	OK
2278	27	41	-5.149100e+00	-5.1490995753e+00	4.25e-07	8.25e-08	yes	OK
2279	27	41	-1.672445e+00	-1.6724449207e+00	7.93e-08	4.74e-08	yes	OK
2280	41	41	-5.156400e+00	-5.1563998361e+00	1.64e-07	3.18e-08	yes	OK
2281	41	41	-1.679745e+00	-1.6797450349e+00	3.49e-08	2.08e-08	yes	OK
2282	41	41	-5.156400e+00	-5.1563998361e+00	1.64e-07	3.18e-08	yes	OK
2283	41	41	-1.679745e+00	-1.6797450349e+00	3.49e-08	2.08e-08	yes	OK
2284	41	41	-5.156400e+00	-5.1563998361e+00	1.64e-07	3.18e-08	yes	OK
2285	41	41	-1.679745e+00	-1.6797450349e+00	3.49e-08	2.08e-08	yes	OK
2286	20	41	-1.668597e+00	-1.6685967422e+00	2.58e-07	1.54e-07	yes	OK
2287	20	41	-1.668714e+00	-1.6687139543e+00	4.57e-08	2.74e-08	yes	OK
2288	41	41	-5.156400e+00	-5.1563998361e+00	1.64e-07	3.18e-08	yes	OK
2289	41	41	-1.679745e+00	-1.6797450349e+00	3.49e-08	2.08e-08	yes	OK
2290	41	41	-5.156400e+00	-5.1563998361e+00	1.64e-07	3.18e-08	yes	OK
2291	41	41	-1.679745e+00	-1.6797450349e+00	3.49e-08	2.08e-08	yes	OK
2292	31	41	-5.151182e+00	-5.1511821775e+00	1.77e-07	3.45e-08	yes	OK
2293	31	41	-1.674527e+00	-1.6745273762e+00	3.76e-07	2.25e-07	yes	OK
2294	41	41	-5.156400e+00	-5.1563998361e+00	1.64e-07	3.18e-08	yes	OK
2295	41	41	-1.679745e+00	-1.6797450349e+00	3.49e-08	2.08e-08	yes	OK
2296	41	41	-5.156400e+00	-5.1563998361e+00	1.64e-07	3.18e-08	yes	OK
2297	41	41	-1.679745e+00	-1.6797450349e+00	3.49e-08	2.08e-08	yes	OK
2298	39	41	-5.155357e+00	-5.1553570301e+00	3.01e-08	5.83e-09	yes	OK
2299	39	41	-1.678702e+00	-1.6787022288e+00	2.29e-07	1.36e-07	yes	OK
2300	36	41	-5.153801e+00	-5.1538007343e+00	2.66e-07	5.15e-08	yes	OK
2301	36	41	-1.677146e+00	-1.6771459331e+00	6.69e-08	3.99e-08	yes	OK
2302	27	41	-5.149069e+00	-5.1490688477e+00	1.52e-07	2.96e-08	yes	OK
2303	27	41	-1.672414e+00	-1.6724140483e+00	4.83e-08	2.89e-08	yes	OK
2304	22	41	-5.042559e+00	-5.0425587859e+00	2.14e-07	4.25e-08	yes	OK
2305	22	41	-1.669804e+00	-1.6698036951e+00	3.05e-07	1.83e-07	yes	OK
2306	16	41	-1.666675e+00	-1.6666746585e+00	3.41e-07	2.05e-07	yes	OK
2307	16	41	-1.666675e+00	-1.6666746507e+00	3.49e-07	2.10e-07	yes	OK
2308	15	41	-1.666197e+00	-1.6661966339e+00	3.66e-07	2.20e-07	yes	OK
2309	15	41	-1.666197e+00	-1.6661966339e+00	3.66e-07	2.20e-07	yes	OK
2310	41	41	-5.156490e+00	-5.1564896088e+00	3.91e-07	7.59e-08	yes	OK
2311	41	41	-1.679803e+00	-1.6798033179e+00	3.18e-07	1.89e-07	yes	OK
2312	41	41	-1.679803e+00	-1.6798033180e+00	3.18e-07	1.89e-07	yes	OK
2313	41	41	-5.156490e+00	-5.1564896088e+00	3.91e-07	7.59e-08	yes	OK
2314	41	41	-1.679803e+00	-1.6798033180e+00	3.18e-07	1.89e-07	yes	OK
2315	41	41	-5.156490e+00	-5.1564896088e+00	3.91e-07	7.59e-08	yes	OK
2316	41	41	-1.679803e+00	-1.6798033180e+00	3.18e-07	1.89e-07	yes	OK
2317	41	41	-5.156490e+00	-5.1564896088e+00	3.91e-07	7.59e-08	yes	OK
2318	41	41	-5.156490e+00	-5.1564896088e+00	3.91e-07	7.59e-08	yes	OK
2319	41	41	-1.679803e+00	-1.6798033179e+00	3.18e-07	1.89e-07	yes	OK
2320	41	41	-5.156490e+00	-5.1564896088e+00	3.91e-07	7.59e-08	yes	OK
2321	41	41	-1.679803e+00	-1.6798033179e+00	3.18e-07	1.89e-07	yes	OK
2322	41	41	-5.156490e+00	-5.1564896088e+00	3.91e-07	7.59e-08	yes	OK
2323	41	41	-1.679803e+00	-1.6798033179e+00	3.18e-07	1.89e-07	yes	OK
2324	31	41	-5.151315e+00	-5.1513148897e+00	1.10e-07	2.14e-08	yes	OK
2325	31	41	-1.674629e+00	-1.6746285989e+00	4.01e-07	2.40e-07	yes	OK
2326	41	41	-1.679803e+00	-1.6798033180e+00	3.18e-07	1.89e-07	yes	OK
2327	41	41	-5.156490e+00	-5.1564896088e+00	3.91e-07	7.59e-08	yes	OK
2328	31	41	-1.674629e+00	-1.6746285990e+00	4.01e-07	2.39e-07	yes	OK
2329	31	41	-5.151315e+00	-5.1513148897e+00	1.10e-07	2.14e-08	yes	OK
2330	41	41	-1.679803e+00	-1.6798033180e+00	3.18e-07	1.89e-07	yes	OK
2331	41	41	-5.156490e+00	-5.1564896088e+00	3.91e-07	7.59e-08	yes	OK
2332	41	41	-1.679803e+00	-1.6798033180e+00	3.18e-07	1.89e-07	yes	OK
2333	41	41	-5.156490e+00	-5.1564896088e+00	3.91e-07	7.59e-08	yes	OK
2334	41	41	-1.679803e+00	-1.6798033180e+00	3.18e-07	1.89e-07	yes	OK
2335	41	41	-5.156490e+00	-5.1564896088e+00	3.91e-07	7.59e-08	yes	OK
2336	41	41	-5.156490e+00	-5.1564896088e+00	3.91e-07	7.59e-08	yes	OK
2337	41	41	-1.679803e+00	-1.6798033179e+00	3.18e-07	1.89e-07	yes	OK
2338	10	41	-1.663675e+00	-1.6636752445e+00	2.44e-07	1.47e-07	yes	OK
2339	10	41	-1.663675e+00	-1.6636752445e+00	2.44e-07	1.47e-07	yes	OK
2340	41	41	-5.156490e+00	-5.1564896088e+00	3.91e-07	7.59e-08	yes	OK
2341	41	41	-1.679803e+00	-1.6798033179e+00	3.18e-07	1.89e-07	yes	OK
2342	41	41	-5.156490e+00	-5.1564896088e+00	3.91e-07	7.59e-08	yes	OK
2343	41	41	-1.679803e+00	-1.6798033179e+00	3.18e-07	1.89e-07	yes	OK
2344	41	41	-5.156490e+00	-5.1564896088e+00	3.91e-07	7.59e-08	yes	OK
2345	41	41	-1.679803e+00	-1.6798033179e+00	3.18e-07	1.89e-07	yes	OK
2346	41	41	-5.156490e+00	-5.1564896088e+00	3.91e-07	7.59e-08	yes	OK
2347	41	41	-1.679803e+00	-1.6798033179e+00	3.18e-07	1.89e-07	yes	OK
2348	39	41	-1.678722e+00	-1.6787218557e+00	1.44e-07	8.59e-08	yes	OK
2349	39	41	-5.155408e+00	-5.1554081465e+00	1.46e-07	2.84e-08	yes	OK
2350	32	41	-1.675017e+00	-1.6750170347e+00	3.47e-08	2.07e-08	yes	OK
2351	32	41	-5.151703e+00	-5.1517033254e+00	3.25e-07	6.32e-08	yes	OK
2352	27	41	-5.149101e+00	-5.1491007692e+00	2.31e-07	4.48e-08	yes	OK
2353	27	41	-1.672414e+00	-1.6724144799e+00	4.80e-07	2.87e-07	yes	OK
2354	27	41	-5.149101e+00	-5.1491007692e+00	2.31e-07	4.48e-08	yes	OK
2355	27	41	-1.672414e+00	-1.6724144799e+00	4.80e-07	2.87e-07	yes	OK
2356	24	41	-5.145186e+00	-5.1451863913e+00	3.91e-07	7.61e-08	yes	OK
2357	24	41	-1.670850e+00	-1.6708503262e+00	3.26e-07	1.95e-07	yes	OK
2358	19	41	-1.668204e+00	-1.6682039179e+00	8.21e-08	4.92e-08	yes	OK
2359	19	41	-1.668200e+00	-1.6682000049e+00	4.89e-09	2.93e-09	yes	OK
2360	18	41	-1.667679e+00	-1.6676790739e+00	7.39e-08	4.43e-08	yes	OK
2361	18	41	-1.667678e+00	-1.6676779011e+00	9.89e-08	5.93e-08	yes	OK
2362	17	41	-1.667200e+00	-1.6671998750e+00	1.25e-07	7.50e-08	yes	OK
2363	17	41	-1.667200e+00	-1.6671998711e+00	1.29e-07	7.73e-08	yes	OK
2364	16	41	-1.666675e+00	-1.6666750265e+00	2.65e-08	1.59e-08	yes	OK
2365	16	41	-1.666675e+00	-1.6666750225e+00	2.25e-08	1.35e-08	yes	OK
2366	13	41	-1.665076e+00	-1.6650756101e+00	3.90e-07	2.34e-07	yes	OK
2367	13	41	-1.665076e+00	-1.6650756101e+00	3.90e-07	2.34e-07	yes	OK
2368	12	41	-1.664551e+00	-1.6645508012e+00	1.99e-07	1.19e-07	yes	OK
2369	12	41	-1.664551e+00	-1.6645508012e+00	1.99e-07	1.19e-07	yes	OK
2370	41	41	-5.156456e+00	-5.1564561991e+00	1.99e-07	3.86e-08	yes	OK
2371	41	41	-1.679780e+00	-1.6797804627e+00	4.63e-07	2.75e-07	yes	OK
2372	41	41	-5.156456e+00	-5.1564561991e+00	1.99e-07	3.86e-08	yes	OK
2373	41	41	-1.679780e+00	-1.6797804627e+00	4.63e-07	2.75e-07	yes	OK
2374	41	41	-1.679780e+00	-1.6797804700e+00	4.70e-07	2.80e-07	yes	OK
2375	41	41	-5.156456e+00	-5.1564561990e+00	1.99e-07	3.86e-08	yes	OK
2376	41	41	-5.156456e+00	-5.1564561991e+00	1.99e-07	3.86e-08	yes	OK
2377	41	41	-1.679780e+00	-1.6797804627e+00	4.63e-07	2.75e-07	yes	OK
2378	41	41	-1.679780e+00	-1.6797804700e+00	4.70e-07	2.80e-07	yes	OK
2379	41	41	-5.156456e+00	-5.1564561990e+00	1.99e-07	3.86e-08	yes	OK
2380	41	41	-1.679780e+00	-1.6797804700e+00	4.70e-07	2.80e-07	yes	OK
2381	41	41	-5.156456e+00	-5.1564561990e+00	1.99e-07	3.86e-08	yes	OK
2382	41	41	-1.679780e+00	-1.6797804700e+00	4.70e-07	2.80e-07	yes	OK
2383	41	41	-5.156456e+00	-5.1564561990e+00	1.99e-07	3.86e-08	yes	OK
2384	24	41	-1.670913e+00	-1.6709127763e+00	2.24e-07	1.34e-07	yes	OK
2385	24	41	-5.143877e+00	-5.1438770022e+00	2.23e-09	4.34e-10	yes	OK
2386	41	41	-1.679780e+00	-1.6797804700e+00	4.70e-07	2.80e-07	yes	OK
2387	41	41	-5.156456e+00	-5.1564561990e+00	1.99e-07	3.86e-08	yes	OK
2388	32	41	-1.675127e+00	-1.6751270165e+00	1.65e-08	9.87e-09	yes	OK
2389	32	41	-5.151803e+00	-5.1518027454e+00	2.55e-07	4.94e-08	yes	OK
2390	38	41	-5.154927e+00	-5.1549273010e+00	3.01e-07	5.84e-08	yes	OK
2391	38	41	-1.678252e+00	-1.6782515646e+00	4.35e-07	2.59e-07	yes	OK
2392	41	41	-5.156456e+00	-5.1564561991e+00	1.99e-07	3.86e-08	yes	OK
2393	41	41	-1.679780e+00	-1.6797804627e+00	4.63e-07	2.75e-07	yes	OK
2394	41	41	-5.156456e+00	-5.1564561991e+00	1.99e-07	3.86e-08	yes	OK
2395	41	41	-1.679780e+00	-1.6797804627e+00	4.63e-07	2.75e-07	yes	OK
2396	23	41	-5.143287e+00	-5.1432865026e+00	4.97e-07	9.67e-08	yes	OK
2397	23	41	-1.670434e+00	-1.6704339886e+00	1.14e-08	6.83e-09	yes	OK
2398	41	41	-5.156456e+00	-5.1564561991e+00	1.99e-07	3.86e-08	yes	OK
2399	41	41	-1.679780e+00	-1.6797804627e+00	4.63e-07	2.75e-07	yes	OK
2400	41	41	-5.156456e+00	-5.1564561991e+00	1.99e-07	3.86e-08	yes	OK
2401	41	41	-1.679780e+00	-1.6797804627e+00	4.63e-07	2.75e-07	yes	OK
2402	41	41	-5.156456e+00	-5.1564561991e+00	1.99e-07	3.86e-08	yes	OK
2403	41	41	-1.679780e+00	-1.6797804627e+00	4.63e-07	2.75e-07	yes	OK
2404	41	41	-5.156456e+00	-5.1564561991e+00	1.99e-07	3.86e-08	yes	OK
2405	41	41	-1.679780e+00	-1.6797804627e+00	4.63e-07	2.75e-07	yes	OK
2406	41	41	-5.156456e+00	-5.1564561991e+00	1.99e-07	3.86e-08	yes	OK
2407	41	41	-1.679780e+00	-1.6797804627e+00	4.63e-07	2.75e-07	yes	OK
2408	28	41	-5.149717e+00	-5.1497172477e+00	2.48e-07	4.81e-08	yes	OK
2409	28	41	-1.673042e+00	-1.6730415305e+00	4.69e-07	2.81e-07	yes	OK
2410	41	41	-5.156456e+00	-5.1564561991e+00	1.99e-07	3.86e-08	yes	OK
2411	41	41	-1.679780e+00	-1.6797804627e+00	4.63e-07	2.75e-07	yes	OK
2412	41	41	-5.156456e+00	-5.1564561991e+00	1.99e-07	3.86e-08	yes	OK
2413	41	41	-1.679780e+00	-1.6797804627e+00	4.63e-07	2.75e-07	yes	OK
2414	41	41	-1.679780e+00	-1.6797804700e+00	4.70e-07	2.80e-07	yes	OK
2415	41	41	-5.156456e+00	-5.1564561990e+00	1.99e-07	3.86e-08	yes	OK
2416	41	41	-1.679780e+00	-1.6797804700e+00	4.70e-07	2.80e-07	yes	OK
2417	41	41	-5.156456e+00	-5.1564561990e+00	1.99e-07	3.86e-08	yes	OK
2418	13	41	-1.665106e+00	-1.6651062715e+00	2.71e-07	1.63e-07	yes	OK
2419	13	41	-1.665106e+00	-1.6651062715e+00	2.71e-07	1.63e-07	yes	OK
2420	26	41	-1.671999e+00	-1.6719988402e+00	1.60e-07	9.56e-08	yes	OK
2421	26	41	-5.148672e+00	-5.1486717283e+00	2.72e-07	5.28e-08	yes	OK
2422	41	41	-1.679780e+00	-1.6797804700e+00	4.70e-07	2.80e-07	yes	OK
2423	41	41	-5.156456e+00	-5.1564561990e+00	1.99e-07	3.86e-08	yes	OK
2424	41	41	-1.679780e+00	-1.6797804700e+00	4.70e-07	2.80e-07	yes	OK
2425	41	41	-5.156456e+00	-5.1564561990e+00	1.99e-07	3.86e-08	yes	OK
2426	33	41	-1.675644e+00	-1.6756442918e+00	2.92e-07	1.74e-07	yes	OK
2427	33	41	-5.152320e+00	-5.1523200208e+00	2.08e-08	4.03e-09	yes	OK
2428	26	41	-1.671838e+00	-1.6718379379e+00	6.21e-08	3.72e-08	yes	OK
2429	26	41	-5.136807e+00	-5.1368073330e+00	3.33e-07	6.48e-08	yes	OK
2430	19	41	-1.668243e+00	-1.6682430650e+00	6.50e-08	3.90e-08	yes	OK
2431	19	41	-1.668242e+00	-1.6682422828e+00	2.83e-07	1.69e-07	yes	OK
2432	19	41	-1.668243e+00	-1.6682430650e+00	6.50e-08	3.90e-08	yes	OK
2433	19	41	-1.668242e+00	-1.6682422828e+00	2.83e-07	1.69e-07	yes	OK
2434	16	41	-1.666679e+00	-1.6666792194e+00	2.19e-07	1.32e-07	yes	OK
2435	16	41	-1.666679e+00	-1.6666792272e+00	2.27e-07	1.36e-07	yes	OK
2436	11	41	-1.664068e+00	-1.6640684631e+00	4.63e-07	2.78e-07	yes	OK
2437	11	41	-1.664068e+00	-1.6640684631e+00	4.63e-07	2.78e-07	yes	OK
2438	41	41	-1.679749e+00	-1.6797486389e+00	3.61e-07	2.15e-07	yes	OK
2439	41	41	-5.156425e+00	-5.1564246921e+00	3.08e-07	5.97e-08	yes	OK
2440	41	41	-1.679749e+00	-1.6797486389e+00	3.61e-07	2.15e-07	yes	OK
2441	41	41	-5.156425e+00	-5.1564246921e+00	3.08e-07	5.97e-08	yes	OK
2442	41	41	-5.156414e+00	-5.1564140280e+00	2.80e-08	5.43e-09	yes	OK
2443	41	41	-8.632718e+00	-8.6327179052e+00	9.48e-08	1.10e-08	yes	OK
2444	41	41	-5.156461e+00	-5.1564609151e+00	8.49e-08	1.65e-08	yes	OK
2445	41	41	-8.633137e+00	-8.6331369683e+00	3.17e-08	3.67e-09	yes	OK
2446	41	41	-1.679749e+00	-1.6797486389e+00	3.61e-07	2.15e-07	yes	OK
2447	41	41	-5.156425e+00	-5.1564246921e+00	3.08e-07	5.97e-08	yes	OK
2448	41	41	-1.679749e+00	-1.6797486389e+00	3.61e-07	2.15e-07	yes	OK
2449	41	41	-5.156425e+00	-5.1564246921e+00	3.08e-07	5.97e-08	yes	OK
2450	19	41	-1.668278e+00	-1.6682782921e+00	2.92e-07	1.75e-07	yes	OK
2451	19	41	-1.668278e+00	-1.6682779011e+00	9.89e-08	5.93e-08	yes	OK
2452	41	41	-1.679749e+00	-1.6797486389e+00	3.61e-07	2.15e-07	yes	OK
2453	41	41	-5.156425e+00	-5.1564246921e+00	3.08e-07	5.97e-08	yes	OK
2454	41	41	-1.679749e+00	-1.6797486389e+00	3.61e-07	2.15e-07	yes	OK
2455	41	41	-5.156425e+00	-5.1564246921e+00	3.08e-07	5.97e-08	yes	OK
2456	41	41	-1.679749e+00	-1.6797486389e+00	3.61e-07	2.15e-07	yes	OK
2457	41	41	-5.156425e+00	-5.1564246921e+00	3.08e-07	5.97e-08	yes	OK
2458	41	41	-1.679749e+00	-1.6797486389e+00	3.61e-07	2.15e-07	yes	OK
2459	41	41	-5.156425e+00	-5.1564246921e+00	3.08e-07	5.97e-08	yes	OK
2460	41	41	-1.679749e+00	-1.6797486389e+00	3.61e-07	2.15e-07	yes	OK
2461	41	41	-5.156425e+00	-5.1564246921e+00	3.08e-07	5.97e-08	yes	OK
2462	41	41	-1.679749e+00	-1.6797486389e+00	3.61e-07	2.15e-07	yes	OK
2463	41	41	-5.156425e+00	-5.1564246921e+00	3.08e-07	5.97e-08	yes	OK
2464	20	41	-1.668796e+00	-1.6687960722e+00	7.22e-08	4.33e-08	yes	OK
2465	20	41	-1.668757e+00	-1.6687569865e+00	1.35e-08	8.09e-09	yes	OK
2466	41	41	-1.679749e+00	-1.6797486389e+00	3.61e-07	2.15e-07	yes	OK
2467	41	41	-5.156425e+00	-5.1564246921e+00	3.08e-07	5.97e-08	yes	OK
2468	41	41	-1.679749e+00	-1.6797486389e+00	3.61e-07	2.15e-07	yes	OK
2469	41	41	-5.156425e+00	-5.1564246921e+00	3.08e-07	5.97e-08	yes	OK
2470	41	41	-1.679749e+00	-1.6797486389e+00	3.61e-07	2.15e-07	yes	OK
2471	41	41	-5.156425e+00	-5.1564246921e+00	3.08e-07	5.97e-08	yes	OK
2472	41	41	-1.679749e+00	-1.6797486389e+00	3.61e-07	2.15e-07	yes	OK
2473	41	41	-5.156425e+00	-5.1564246921e+00	3.08e-07	5.97e-08	yes	OK
2474	10	41	-1.663578e+00	-1.6635782953e+00	2.95e-07	1.78e-07	yes	OK
2475	10	41	-1.663578e+00	-1.6635783238e+00	3.24e-07	1.95e-07	yes	OK
2476	41	41	-1.679749e+00	-1.6797486389e+00	3.61e-07	2.15e-07	yes	OK
2477	41	41	-5.156425e+00	-5.1564246921e+00	3.08e-07	5.97e-08	yes	OK
2478	41	41	-5.156298e+00	-5.1562983384e+00	3.38e-07	6.56e-08	yes	OK
2479	41	41	-8.632974e+00	-8.6329743916e+00	3.92e-07	4.54e-08	yes	OK
2480	22	41	-1.669842e+00	-1.6698420041e+00	4.10e-09	2.46e-09	yes	OK
2481	22	41	-5.131078e+00	-5.1310779655e+00	3.45e-08	6.72e-09	yes	OK
2482	41	41	-5.156433e+00	-5.1564328519e+00	1.48e-07	2.87e-08	yes	OK
2483	41	41	-8.633109e+00	-8.6331089051e+00	9.49e-08	1.10e-08	yes	OK
2484	41	41	-1.679749e+00	-1.6797486389e+00	3.61e-07	2.15e-07	yes	OK
2485	41	41	-5.156425e+00	-5.1564246921e+00	3.08e-07	5.97e-08	yes	OK
2486	41	41	-1.679749e+00	-1.6797486389e+00	3.61e-07	2.15e-07	yes	OK
2487	41	41	-5.156425e+00	-5.1564246921e+00	3.08e-07	5.97e-08	yes	OK
2488	41	41	-1.679749e+00	-1.6797486389e+00	3.61e-07	2.15e-07	yes	OK
2489	41	41	-5.156425e+00	-5.1564246921e+00	3.08e-07	5.97e-08	yes	OK
2490	41	41	-1.679749e+00	-1.6797486389e+00	3.61e-07	2.15e-07	yes	OK
2491	41	41	-5.156425e+00	-5.1564246921e+00	3.08e-07	5.97e-08	yes	OK
2492	41	41	-1.679749e+00	-1.6797486389e+00	3.61e-07	2.15e-07	yes	OK
2493	41	41	-5.156425e+00	-5.1564246921e+00	3.08e-07	5.97e-08	yes	OK
2494	15	41	-1.666173e+00	-1.6661734583e+00	4.58e-07	2.75e-07	yes	OK
2495	15	41	-1.666173e+00	-1.6661734587e+00	4.59e-07	2.75e-07	yes	OK
2496	41	41	-1.679749e+00	-1.6797486389e+00	3.61e-07	2.15e-07	yes	OK
2497	41	41	-5.156425e+00	-5.1564246921e+00	3.08e-07	5.97e-08	yes	OK
2498	12	41	-1.664606e+00	-1.6646055551e+00	4.45e-07	2.67e-07	yes	OK
2499	12	41	-1.664606e+00	-1.6646055554e+00	4.45e-07	2.67e-07	yes	OK
2500	23	41	-1.670360e+00	-1.6703602898e+00	2.90e-07	1.74e-07	yes	OK
2501	23	41	-5.145587e+00	-5.1455868863e+00	1.14e-07	2.21e-08	yes	OK
2502	41	41	-1.679749e+00	-1.6797486389e+00	3.61e-07	2.15e-07	yes	OK
2503	41	41	-5.156425e+00	-5.1564246921e+00	3.08e-07	5.97e-08	yes	OK
2504	41	41	-1.679749e+00	-1.6797486389e+00	3.61e-07	2.15e-07	yes	OK
2505	41	41	-5.156425e+00	-5.1564246921e+00	3.08e-07	5.97e-08	yes	OK
2506	30	41	-1.674010e+00	-1.6740098936e+00	1.06e-07	6.36e-08	yes	OK
2507	30	41	-5.150686e+00	-5.1506859466e+00	5.34e-08	1.04e-08	yes	OK
2508	40	41	-1.679231e+00	-1.6792312049e+00	2.05e-07	1.22e-07	yes	OK
2509	40	41	-5.155907e+00	-5.1559072581e+00	2.58e-07	5.01e-08	yes	OK
2510	24	41	-1.670881e+00	-1.6708813135e+00	3.13e-07	1.88e-07	yes	OK
2511	24	41	-5.145194e+00	-5.1451936572e+00	3.43e-07	6.66e-08	yes	OK
2512	13	41	-1.665154e+00	-1.6651535796e+00	4.20e-07	2.52e-07	yes	OK
2513	13	41	-1.665154e+00	-1.6651535796e+00	4.20e-07	2.52e-07	yes	OK
2514	31	151	-2.240783e+00	-2.2407829795e+00	2.05e-08	9.14e-09	yes	OK
2515	31	154	-2.249327e+00	-2.2493267531e+00	2.47e-07	1.10e-07	yes	OK
2516	82	151	-2.267333e+00	-2.2673334135e+00	4.14e-07	1.82e-07	yes	OK
2517	82	154	-7.826223e+00	-7.8262230518e+00	5.18e-08	6.62e-09	yes	OK
2518	86	151	-2.269420e+00	-2.2694197646e+00	2.35e-07	1.04e-07	yes	OK
2519	86	154	-7.846008e+00	-7.8460080915e+00	9.15e-08	1.17e-08	yes	OK
2520	105	151	-2.279361e+00	-2.2793610981e+00	9.81e-08	4.30e-08	yes	OK
2521	105	154	-7.855966e+00	-7.8559661383e+00	1.38e-07	1.76e-08	yes	OK
2522	69	151	-2.260595e+00	-2.2605949809e+00	1.91e-08	8.46e-09	yes	OK
2523	69	154	-2.269139e+00	-2.2691387544e+00	2.46e-07	1.08e-07	yes	OK
2524	94	151	-2.273548e+00	-2.2735476486e+00	3.51e-07	1.55e-07	yes	OK
2525	94	154	-7.850153e+00	-7.8501526888e+00	3.11e-07	3.96e-08	yes	OK
2526	22	151	-2.235875e+00	-2.2358754871e+00	4.87e-07	2.18e-07	yes	OK
2527	22	154	-2.244419e+00	-2.2444192606e+00	2.61e-07	1.16e-07	yes	OK
2528	58	151	-2.254844e+00	-2.2548437964e+00	2.04e-07	9.03e-08	yes	OK
2529	58	154	-2.263388e+00	-2.2633875699e+00	4.30e-07	1.90e-07	yes	OK
2530	145	151	-1.134349e+01	-1.1343493074e+01	3.07e-06	2.71e-07	yes	OK
2531	145	154	-5.785540e+00	-5.7855397123e+00	2.88e-07	4.97e-08	yes	OK
2532	12	151	-2.230779e+00	-2.2307791048e+00	1.05e-07	4.70e-08	yes	OK
2533	12	154	-2.239323e+00	-2.2393228783e+00	1.22e-07	5.43e-08	yes	OK
2534	132	151	-2.293532e+00	-2.2935320856e+00	8.56e-08	3.73e-08	yes	OK
2535	132	154	-7.870137e+00	-7.8701371257e+00	1.26e-07	1.60e-08	yes	OK
2536	24	151	-2.236969e+00	-2.2369689278e+00	7.22e-08	3.23e-08	yes	OK
2537	24	154	-2.245513e+00	-2.2455127014e+00	2.99e-07	1.33e-07	yes	OK
2538	99	151	-2.276236e+00	-2.2762363404e+00	3.40e-07	1.50e-07	yes	OK
2539	99	154	-7.852841e+00	-7.8528413805e+00	3.81e-07	4.85e-08	yes	OK
2540	41	151	-2.245993e+00	-2.2459927930e+00	2.07e-07	9.22e-08	yes	OK
2541	41	154	-2.254537e+00	-2.2545365665e+00	4.33e-07	1.92e-07	yes	OK
2542	68	151	-2.260074e+00	-2.2600740369e+00	3.69e-08	1.63e-08	yes	OK
2543	68	154	-2.268618e+00	-2.2686178104e+00	1.90e-07	8.36e-08	yes	OK
2544	106	151	-7.846380e+00	-7.8463796152e+00	3.85e-07	4.90e-08	yes	OK
2545	106	154	-2.288426e+00	-2.2884262530e+00	2.53e-07	1.11e-07	yes	OK
2546	22	151	-2.235875e+00	-2.2358754871e+00	4.87e-07	2.18e-07	yes	OK
2547	22	154	-2.244419e+00	-2.2444192606e+00	2.61e-07	1.16e-07	yes	OK
2548	36	151	-2.243390e+00	-2.2433898505e+00	1.50e-07	6.66e-08	yes	OK
2549	36	154	-2.251934e+00	-2.2519336240e+00	3.76e-07	1.67e-07	yes	OK
2550	43	151	-2.247031e+00	-2.2470313708e+00	3.71e-07	1.65e-07	yes	OK
2551	43	154	-2.255575e+00	-2.2555751444e+00	1.44e-07	6.40e-08	yes	OK
2552	73	151	-2.262681e+00	-2.2626808541e+00	1.46e-07	6.45e-08	yes	OK
2553	73	154	-2.271225e+00	-2.2712246272e+00	3.73e-07	1.64e-07	yes	OK
2554	16	151	-2.232872e+00	-2.2328724122e+00	4.12e-07	1.85e-07	yes	OK
2555	16	154	-2.241416e+00	-2.2414161857e+00	1.86e-07	8.29e-08	yes	OK
2556	150	151	-1.482272e+01	-1.4822720834e+01	8.34e-07	5.63e-08	yes	OK
2557	150	154	-9.264767e+00	-9.2647674716e+00	4.72e-07	5.09e-08	yes	OK
2558	145	151	-7.866932e+00	-7.8669322018e+00	2.02e-07	2.57e-08	yes	OK
2559	145	154	-2.308979e+00	-2.3089788396e+00	1.60e-07	6.95e-08	yes	OK
2560	138	151	-7.863287e+00	-7.8632865672e+00	4.33e-07	5.50e-08	yes	OK
2561	138	154	-2.305333e+00	-2.3053332050e+00	2.05e-07	8.89e-08	yes	OK
2562	137	151	-7.862765e+00	-7.8627647375e+00	2.63e-07	3.34e-08	yes	OK
2563	137	154	-2.304811e+00	-2.3048113753e+00	3.75e-07	1.63e-07	yes	OK
2564	131	151	-2.292946e+00	-2.2929462445e+00	2.44e-07	1.07e-07	yes	OK
2565	131	154	-7.869551e+00	-7.8695512846e+00	2.85e-07	3.62e-08	yes	OK
2566	105	151	-5.756178e+00	-5.7561781371e+00	1.37e-07	2.38e-08	yes	OK
2567	105	154	-1.133278e+01	-1.1332783177e+01	3.18e-06	2.80e-07	yes	OK
2568	90	151	-7.838170e+00	-7.8381704929e+00	4.93e-07	6.29e-08	yes	OK
2569	90	154	-2.280217e+00	-2.2802171307e+00	1.31e-07	5.73e-08	yes	OK
2570	83	151	-2.268023e+00	-2.2680228842e+00	1.16e-07	5.11e-08	yes	OK
2571	83	154	-7.844612e+00	-7.8446117806e+00	2.19e-07	2.80e-08	yes	OK
2572	83	151	-2.268023e+00	-2.2680228842e+00	1.16e-07	5.11e-08	yes	OK
2573	83	154	-7.844612e+00	-7.8446117806e+00	2.19e-07	2.80e-08	yes	OK
2574	80	151	-7.832919e+00	-7.8329185661e+00	4.34e-07	5.54e-08	yes	OK
2575	80	154	-2.275003e+00	-2.2750033354e+00	3.35e-07	1.47e-07	yes	OK
2576	78	151	-2.265412e+00	-2.2654123846e+00	3.85e-07	1.70e-07	yes	OK
2577	78	154	-7.782393e+00	-7.7823927362e+00	2.64e-07	3.39e-08	yes	OK
2578	69	151	-2.260724e+00	-2.2607244031e+00	4.03e-07	1.78e-07	yes	OK
2579	69	154	-2.269268e+00	-2.2692681767e+00	1.77e-07	7.79e-08	yes	OK
2580	61	151	-2.256553e+00	-2.2565531985e+00	1.99e-07	8.80e-08	yes	OK
2581	61	154	-2.265097e+00	-2.2650969721e+00	2.79e-08	1.23e-08	yes	OK
2582	56	151	-2.253946e+00	-2.2539461058e+00	1.06e-07	4.69e-08	yes	OK
2583	56	154	-2.262490e+00	-2.2624898793e+00	1.21e-07	5.33e-08	yes	OK
2584	50	151	-2.250818e+00	-2.2508182048e+00	2.05e-07	9.10e-08	yes	OK
2585	50	154	-2.259362e+00	-2.2593619784e+00	2.16e-08	9.57e-09	yes	OK
2586	49	151	-2.250293e+00	-2.2502929500e+00	5.00e-08	2.22e-08	yes	OK
2587	49	154	-2.258837e+00	-2.2588367236e+00	2.76e-07	1.22e-07	yes	OK
2588	45	151	-2.247922e+00	-2.2479219838e+00	1.62e-08	7.22e-09	yes	OK
2589	45	154	-2.256466e+00	-2.2564657573e+00	2.43e-07	1.08e-07	yes	OK
2590	39	151	-2.244954e+00	-2.2449540111e+00	1.11e-08	4.95e-09	yes	OK
2591	39	154	-2.253498e+00	-2.2534977847e+00	2.15e-07	9.56e-08	yes	OK
2592	35	151	-2.242869e+00	-2.2428685025e+00	4.98e-07	2.22e-07	yes	OK
2593	35	154	-2.251412e+00	-2.2514122760e+00	2.76e-07	1.23e-07	yes	OK
2594	30	151	-5.716933e+00	-5.7169326170e+00	3.83e-07	6.70e-08	yes	OK
2595	30	154	-5.725476e+00	-5.7254763905e+00	3.91e-07	6.82e-08	yes	OK
2596	26	151	-2.238176e+00	-2.2381761216e+00	1.22e-07	5.43e-08	yes	OK
2597	26	154	-2.246720e+00	-2.2467198952e+00	1.05e-07	4.67e-08	yes	OK
2598	25	151	-2.237655e+00	-2.2376547973e+00	2.03e-07	9.06e-08	yes	OK
2599	25	154	-2.246199e+00	-2.2461985708e+00	4.29e-07	1.91e-07	yes	OK
2600	16	151	-2.233001e+00	-2.2330014204e+00	4.20e-07	1.88e-07	yes	OK
2601	16	154	-2.241545e+00	-2.2415451940e+00	1.94e-07	8.65e-08	yes	OK
2602	11	151	-2.230395e+00	-2.2303946108e+00	3.89e-07	1.75e-07	yes	OK
2603	11	154	-2.238938e+00	-2.2389383843e+00	3.84e-07	1.72e-07	yes	OK
